id;name;nationality;team;team_id;age;height;weight;position;roles;games;exit_on_sub;minutes;rating_m;goals;assists;yel_cards;red_cards;shots_m;aerials_won_m;motm;successful_passes_pt;key_passes_m;dribbles_won_m;fouls_given_m;offside_m;dispossessed_m;passes_m;accurate_crosses_m;accurate_long_passes_m;accurate_through_passes_m;tackles_m;interceptions_m;fouls_m;clearances_m;dribbled_past_m;owm_goals;gk_in_goal_area_saves_m;gk_inside_box_saves_m;gk_outside_box_saves_m;gk_saves_m
816;Kevin De Bruyne;be;Man City;875;29;181;68;Midfielder;M_C,M_L,M_R,FW;35;3;2800;7.97;13;20;3;0;2.8;0.5;10;81.5;3.9;1.4;0.8;0.1;0.9;54.5;2.1;3.5;0.4;1.3;0.5;0.7;0.7;1.4;0;0.0;0.0;0.0;0.0
622;Bruno Fernandes;pt;Man Utd;314;26;179;69;Midfielder;M_C,M_L,M_R;14;0;1223;7.73;8;7;2;0;3.1;0.2;3;75.7;2.1;1.1;1.0;0.1;0.9;55.5;1.0;3.3;0.3;1.6;0.8;0.6;1.0;2.4;0;0.0;0.0;0.0;0.0
812;Ricardo Pereira;pt;Leicester;652;26;175;70;Defender;D_L,D_R,M_R;28;0;2520;7.5;3;2;1;0;0.6;1.5;2;78.9;1.0;2.1;1.3;0.0;1.1;56.1;0.3;2.1;0.1;4.2;1.8;1.6;2.6;1.9;0;0.0;0.0;0.0;0.0
287;Adama Traoré;es;Wolves;518;24;178;72;Forward;M_L,M_R,FW;37;10;2608;7.49;4;9;1;0;1.2;1.2;6;74.4;1.3;5.0;2.1;0.2;1.8;19.2;1.2;0.2;0.1;0.9;0.4;1.1;0.4;0.4;0;0.0;0.0;0.0;0.0
158;Riyad Mahrez;dz;Man City;875;29;179;67;Forward;AM_C,AM_L,AM_R;33;12;1942;7.48;11;9;0;0;2.2;0.3;3;90.1;1.8;1.6;0.9;0.4;1.0;33.2;0.6;1.7;0.2;0.8;0.5;0.4;0.2;0.8;0;0.0;0.0;0.0;0.0
576;Sadio Mané;sn;Liverpool;339;28;175;69;Forward;AM_C,AM_L,AM_R,FW;35;4;2756;7.45;18;7;3;0;2.2;1.2;7;81.6;1.7;2.0;1.5;0.4;1.6;31.5;0.3;1.0;0.1;1.3;0.4;1.3;0.2;0.8;0;0.0;0.0;0.0;0.0
506;Mohamed Salah;eg;Liverpool;339;28;175;71;Forward;AM_C,AM_L,AM_R,FW;34;1;2888;7.4;19;10;1;0;3.9;0.4;6;76.5;1.8;1.5;0.5;0.6;2.0;28.8;0.3;0.4;0.1;0.5;0.2;0.5;0.1;0.5;0;0.0;0.0;0.0;0.0
491;Raheem Sterling;gb-eng;Man City;875;25;170;69;Forward;M_C,M_L,M_R,FW;33;3;2661;7.35;20;1;5;0;3.0;0.7;1;82.8;1.5;1.7;1.2;0.4;1.8;35.4;0.2;0.3;0.1;0.8;0.5;0.9;0.1;0.7;0;0.0;0.0;0.0;0.0
988;Marcus Rashford;gb-eng;Man Utd;314;22;180;70;Forward;AM_L,AM_R,FW;31;0;2655;7.35;17;7;3;0;3.1;0.7;7;77.3;1.1;1.9;1.5;0.4;1.1;30.4;0.3;1.2;0.2;0.4;0.3;0.7;0.5;0.5;0;0.0;0.0;0.0;0.0
177;James Maddison;gb-eng;Leicester;652;23;175;73;Midfielder;AM_C,AM_L,AM_R;31;2;2629;7.34;6;3;4;0;2.4;0.2;4;83.0;2.5;1.6;2.8;0.1;0.9;47.5;1.9;2.3;0.2;1.9;0.3;1.2;0.2;1.5;0;0.0;0.0;0.0;0.0
217;Harry Kane;gb-eng;Tottenham;512;27;188;86;Forward;AM_C,FW;29;0;2590;7.33;18;2;4;0;2.8;2.6;4;66.7;0.9;1.0;1.5;0.7;1.1;19.1;0.1;0.8;0.2;0.6;0.2;1.3;1.0;0.4;0;0.0;0.0;0.0;0.0
857;Virgil van Dijk;nl;Liverpool;339;29;193;92;Defender;D_C;38;0;3420;7.32;5;1;1;0;0.8;5.0;5;89.1;0.2;0.1;0.7;0.0;0.1;85.8;0.0;5.4;0.1;0.6;1.1;0.4;4.3;0.2;0;0.0;0.0;0.0;0.0
764;Anthony Martial;fr;Man Utd;314;24;181;76;Forward;AM_L,AM_R,FW;32;1;2640;7.31;17;6;1;0;2.5;0.6;4;80.6;0.9;1.6;1.3;0.4;1.9;22.2;0.1;0.2;0.1;0.5;0.2;0.9;0.5;0.5;0;0.0;0.0;0.0;0.0
162;Willian;br;Chelsea;625;32;175;77;Forward;AM_C,AM_L,AM_R;36;7;2605;7.31;9;7;4;0;2.0;0.3;4;82.7;2.1;1.8;1.2;0.1;0.8;39.9;1.4;1.8;0.1;1.2;0.6;0.5;0.2;0.8;0;0.0;0.0;0.0;0.0
149;Marcos Alonso;es;Chelsea;625;29;188;84;Defender;D_C,D_L,M_L;18;3;1433;7.3;4;2;4;0;1.7;2.3;1;82.6;1.4;0.7;0.8;0.1;0.6;50.4;1.1;1.4;0.1;1.6;1.1;0.9;1.4;1.1;0;0.0;0.0;0.0;0.0
448;Michail Antonio;gb-eng;West Ham;928;30;180;82;Forward;D_R,M_C,M_L,M_R,FW;24;5;1773;7.29;10;3;3;0;2.8;3.8;2;68.4;1.1;2.7;1.5;0.5;1.9;18.6;0.4;0.4;0.1;0.5;0.4;1.7;0.2;0.4;0;0.0;0.0;0.0;0.0
777;Allan Saint-Maximin;fr;Newcastle;719;23;173;67;Forward;AM_C,AM_L,AM_R,FW;26;3;1874;7.29;3;4;0;0;1.8;0.3;3;79.1;1.3;4.7;1.8;0.1;2.0;16.6;0.3;0.8;0.0;0.5;0.3;0.7;0.2;0.5;0;0.0;0.0;0.0;0.0
370;Joel Matip;cm;Liverpool;339;29;195;90;Defender;D_C;9;1;704;7.29;1;0;0;0;0.4;5.2;0;84.3;0.1;0.2;0.7;0.0;0.2;61.4;0.0;2.9;0.0;1.4;1.3;0.8;4.1;0.8;0;0.0;0.0;0.0;0.0
489;David Silva;es;Man City;875;34;173;67;Midfielder;M_C,M_L,M_R;27;5;1833;7.29;6;10;0;0;1.7;0.3;3;89.3;1.8;1.2;0.7;0.1;0.7;54.9;0.1;1.1;0.1;1.0;0.5;0.7;0.2;0.7;0;0.0;0.0;0.0;0.0
871;Gabriel Jesus;br;Man City;875;23;175;73;Forward;AM_L,AM_R,FW;34;13;2026;7.26;14;7;3;0;3.0;1.2;2;86.5;0.9;1.3;0.9;0.6;1.0;17.9;0.1;0.6;0.0;0.5;0.3;0.8;0.2;0.5;0;0.0;0.0;0.0;0.0
163;Raúl Jiménez;mx;Wolves;518;29;190;76;Forward;FW;38;1;3252;7.25;17;6;3;0;3.1;2.3;3;72.2;1.3;1.6;0.9;0.5;1.8;26.1;0.1;1.2;0.1;0.5;0.4;1.0;0.8;0.7;0;0.0;0.0;0.0;0.0
570;Son Heung-Min;kr;Tottenham;512;28;183;78;Forward;M_C,M_L,M_R,FW;30;2;2487;7.24;11;10;0;2;2.7;0.2;4;84.7;1.4;2.1;0.9;0.6;1.9;26.6;0.4;0.7;0.2;0.8;0.6;0.6;0.6;1.6;0;0.0;0.0;0.0;0.0
103;Jack Grealish;gb-eng;Aston Villa;134;25;175;68;Midfielder;AM_C,AM_L;36;0;3234;7.23;8;6;8;0;2.0;0.6;4;84.8;2.5;2.0;4.6;0.1;1.6;38.1;0.8;2.2;0.1;0.8;0.6;0.9;0.3;0.6;0;0.0;0.0;0.0;0.0
135;Wilfred Ndidi;ng;Leicester;652;23;183;74;Midfielder;DMC;32;3;2674;7.23;2;1;6;0;0.8;2.6;4;85.1;0.5;0.7;0.8;0.0;0.8;52.2;0.0;2.5;0.0;4.0;2.5;1.8;1.9;1.4;0;0.0;0.0;0.0;0.0
701;Jamie Vardy;gb-eng;Leicester;652;33;179;74;Forward;AM_L,FW;35;1;3034;7.22;23;5;2;0;2.5;1.5;4;70.6;0.9;0.7;0.3;0.8;0.5;12.6;0.2;0.2;0.0;0.4;0.1;0.6;0.6;0.1;0;0.0;0.0;0.0;0.0
442;João Cancelo;pt;Man City;875;26;182;74;Defender;D_L,D_R,M_R;17;4;1206;7.21;0;0;4;0;0.9;1.1;0;90.4;1.0;2.2;0.5;0.0;0.5;59.4;0.4;2.2;0.0;2.4;1.2;1.0;0.9;0.9;0;0.0;0.0;0.0;0.0
877;Trent Alexander-Arnold;gb-eng;Liverpool;339;21;175;69;Defender;D_R,M_R;38;3;3176;7.2;4;13;5;0;1.2;0.4;4;76.7;2.3;0.6;0.2;0.1;0.3;64.2;2.1;5.1;0.0;1.4;1.2;0.6;1.8;1.1;0;0.0;0.0;0.0;0.0
455;Aaron Wan-Bissaka;gb-eng;Man Utd;314;22;183;72;Defender;D_R,M_R;35;1;3102;7.19;0;4;8;0;0.2;0.7;3;81.2;0.7;1.5;0.5;0.0;1.3;47.1;0.4;1.0;0.0;3.7;1.9;0.6;1.7;0.6;0;0.0;0.0;0.0;0.0
915;Richarlison;br;Everton;715;23;184;83;Forward;AM_C,AM_L,AM_R,FW;36;0;3111;7.19;13;3;8;0;2.5;2.1;6;66.6;0.9;1.7;2.0;0.5;2.1;21.9;0.1;0.6;0.0;1.9;0.3;1.2;1.1;0.8;0;0.0;0.0;0.0;0.0
677;Willy Boly;fr;Wolves;518;29;195;92;Defender;D_C;22;0;1980;7.19;0;1;1;1;0.2;4.0;2;80.9;0.3;0.4;0.4;0.0;0.2;44.7;0.0;1.8;0.0;2.6;1.8;1.1;4.7;0.8;0;0.0;0.0;0.0;0.0
892;James Tarkowski;gb-eng;Burnley;617;27;185;81;Defender;D_C;38;0;3420;7.19;2;2;10;0;0.6;5.2;6;70.8;0.4;0.3;0.8;0.1;0.1;35.5;0.0;2.8;0.0;1.7;1.7;1.3;5.3;0.6;0;0.0;0.0;0.0;0.0
420;Paul Pogba;fr;Man Utd;314;27;191;84;Midfielder;M_C;16;3;1205;7.18;1;3;1;0;1.4;1.8;1;85.5;1.9;1.7;1.1;0.1;2.0;64.6;0.1;5.9;0.4;1.2;0.4;1.6;0.6;0.5;0;0.0;0.0;0.0;0.0
294;Christian Pulisic;us;Chelsea;625;22;172;69;Midfielder;M_C,M_L,M_R;25;6;1727;7.18;9;4;0;0;2.5;0.8;4;79.9;1.2;2.2;1.2;0.1;2.5;26.7;0.2;0.8;0.0;0.9;0.2;0.6;0.3;0.7;0;0.0;0.0;0.0;0.0
636;Sergio Agüero;ar;Man City;875;32;173;70;Forward;AM_C,AM_L,FW;24;6;1460;7.16;16;3;1;0;3.2;0.1;2;80.5;0.8;1.0;0.4;0.2;1.2;14.8;0.0;0.0;0.0;0.3;0.1;0.4;0.1;0.3;0;0.0;0.0;0.0;0.0
592;Lucas Digne;fr;Everton;715;27;178;74;Defender;D_L,M_L;35;0;3035;7.16;0;7;6;0;0.8;3.3;2;74.2;2.1;0.7;0.8;0.1;0.7;39.3;2.1;1.8;0.1;2.1;1.2;1.2;2.7;1.0;1;0.0;0.0;0.0;0.0
281;James Ward-Prowse;gb-eng;Southampton;959;25;173;66;Midfielder;M_C,M_R;38;0;3420;7.15;5;3;9;0;1.5;1.9;1;80.9;1.6;0.4;1.1;0.0;0.6;43.8;1.5;2.1;0.0;2.4;1.6;1.5;1.9;1.4;0;0.0;0.0;0.0;0.0
946;Jordan Henderson;gb-eng;Liverpool;339;30;182;67;Midfielder;M_C,M_L,M_R;30;4;2244;7.15;4;5;2;0;0.7;0.9;1;84.5;0.9;0.6;0.4;0.0;0.2;61.9;0.3;4.2;0.1;2.1;1.0;1.0;0.6;1.1;0;0.0;0.0;0.0;0.0
118;Tomas Soucek;cz;West Ham;928;25;192;86;Midfielder;DMC;13;1;1041;7.14;3;0;0;0;1.5;5.5;2;70.1;0.4;0.0;0.7;0.0;0.1;30.3;0.0;1.2;0.0;2.2;1.7;0.8;2.6;1.0;1;0.0;0.0;0.0;0.0
355;Roberto Firmino;br;Liverpool;339;28;181;76;Forward;M_C,M_L,M_R,FW;38;4;3003;7.14;9;8;0;0;2.6;0.7;2;79.6;1.4;1.4;0.4;0.2;1.0;30.6;0.1;0.7;0.0;1.0;0.2;0.8;0.3;0.9;0;0.0;0.0;0.0;0.0
332;César Azpilicueta;es;Chelsea;625;31;178;76;Defender;D_C,D_L,D_R,M_R;36;0;3230;7.12;2;6;1;0;0.8;2.6;2;80.7;1.2;0.3;0.4;0.1;0.4;67.6;0.8;2.2;0.0;2.4;1.9;1.1;2.2;0.9;0;0.0;0.0;0.0;0.0
101;Harry Maguire;gb-eng;Man Utd;314;27;194;100;Defender;D_C;38;0;3450;7.12;1;1;6;0;0.8;4.6;1;86.7;0.4;0.2;0.6;0.2;0.2;66.3;0.0;4.4;0.0;1.0;1.9;0.9;4.1;0.4;0;0.0;0.0;0.0;0.0
406;Danny Ings;gb-eng;Southampton;959;28;178;73;Forward;AM_C,FW;38;6;2815;7.12;22;2;3;0;2.4;1.2;4;62.7;0.9;1.3;0.7;0.3;1.3;16.9;0.2;0.5;0.0;1.1;0.2;0.9;0.6;1.4;0;0.0;0.0;0.0;0.0
997;Andrew Robertson;gb-sct;Liverpool;339;26;178;64;Defender;D_L,M_L;36;2;3114;7.11;2;12;2;0;0.6;0.9;2;83.7;1.7;0.6;0.4;0.1;0.2;69.2;1.1;2.3;0.0;1.5;1.1;0.5;1.6;0.9;0;0.0;0.0;0.0;0.0
376;Dejan Lovren;hr;Liverpool;339;31;188;84;Defender;D_C;10;1;777;7.09;0;1;1;0;0.5;4.9;0;83.2;0.1;0.1;0.8;0.0;0.0;68.0;0.0;2.8;0.1;1.3;1.0;0.4;4.1;0.5;0;0.0;0.0;0.0;0.0
181;Rodrigo;es;Man City;875;24;191;82;Midfielder;DMC;35;6;2488;7.09;3;2;8;0;0.7;1.6;1;92.9;1.0;0.9;0.9;0.0;0.8;73.7;0.1;4.9;0.1;1.4;0.7;1.2;0.9;1.1;0;0.0;0.0;0.0;0.0
564;Sébastien Haller;fr;West Ham;928;26;190;82;Forward;FW;32;8;2263;7.08;7;1;1;0;1.8;6.8;3;65.8;0.8;0.8;1.2;0.6;1.1;24.0;0.0;0.4;0.0;0.7;0.2;1.4;0.8;0.8;0;0.0;0.0;0.0;0.0
884;Emiliano Buendía;ar;Norwich;193;23;172;72;Midfielder;M_R;36;8;2465;7.08;1;7;6;1;1.1;0.8;6;80.0;2.3;2.8;1.5;0.1;2.2;39.1;1.1;2.5;0.3;2.3;0.6;1.0;0.7;2.2;0;0.0;0.0;0.0;0.0
129;Luke Thomas;;Leicester;652;19;0;0;Defender;Defender;3;0;268;7.07;0;1;0;0;0.0;1.7;0;77.8;3.3;1.0;1.0;0.0;1.0;51.0;3.0;2.0;0.0;0.3;1.0;0.3;2.3;1.0;0;0.0;0.0;0.0;0.0
842;Nicolas Pépé;ci;Arsenal;924;25;183;73;Forward;AM_R,FW;31;9;2016;7.06;5;6;4;0;1.6;0.7;4;81.4;1.3;2.3;1.2;0.1;1.7;22.8;0.9;0.5;0.1;1.0;0.3;0.5;0.1;0.3;0;0.0;0.0;0.0;0.0
602;Serge Aurier;ci;Tottenham;512;27;176;76;Defender;D_C,D_L,D_R,M_R;33;2;2706;7.06;1;5;2;1;0.4;2.1;2;79.1;1.0;1.2;0.7;0.2;0.8;38.8;0.6;1.0;0.0;2.8;1.4;1.2;2.5;0.9;1;0.0;0.0;0.0;0.0
982;Dwight McNeil;gb-eng;Burnley;617;20;183;68;Midfielder;M_L;38;0;3345;7.06;2;6;5;0;1.3;0.7;3;79.1;1.4;2.0;1.0;0.0;1.7;27.1;1.8;1.5;0.0;1.2;0.8;0.8;0.7;1.3;0;0.0;0.0;0.0;0.0
183;Diego Rico;es;Bournemouth;235;27;183;76;Defender;D_L,M_L;27;0;2336;7.06;0;4;6;0;0.4;1.2;2;67.3;1.2;0.5;0.8;0.1;0.8;40.2;1.6;2.1;0.1;2.3;3.1;0.7;2.2;1.1;0;0.0;0.0;0.0;0.0
196;Troy Deeney;gb-eng;Watford;465;32;183;90;Forward;FW;27;1;2234;7.05;10;2;3;0;1.7;7.3;2;54.2;1.1;0.4;1.3;0.4;1.0;26.3;0.0;0.3;0.0;0.7;0.4;1.4;1.0;0.9;0;0.0;0.0;0.0;0.0
801;Çaglar Söyüncü;tr;Leicester;652;24;185;82;Defender;D_C;34;0;3037;7.04;1;1;4;1;0.5;3.2;0;89.6;0.1;0.5;0.6;0.0;0.1;68.2;0.0;3.3;0.0;1.8;1.3;0.9;4.4;0.6;0;0.0;0.0;0.0;0.0
404;Bernardo Silva;pt;Man City;875;26;173;64;Midfielder;M_C,M_L,M_R;34;11;2031;7.03;6;7;5;0;1.5;0.4;1;90.2;1.5;1.2;0.6;0.1;0.6;40.4;0.5;1.1;0.0;1.1;0.7;0.7;0.4;0.9;0;0.0;0.0;0.0;0.0
184;Pierre-Emerick Aubameyang;ga;Arsenal;924;31;187;80;Forward;M_C,M_L,M_R,FW;36;1;3139;7.03;22;3;3;1;2.6;0.9;3;72.2;0.7;0.5;0.6;0.6;0.9;22.7;0.6;0.3;0.0;0.9;0.4;0.4;0.4;1.1;0;0.0;0.0;0.0;0.0
525;Emiliano Martínez;ar;Arsenal;924;28;195;88;Goalkeeper;GK;9;1;770;7.02;0;0;2;0;0.0;0.0;0;67.3;0.0;0.0;0.0;0.0;0.0;27.2;0.0;3.7;0.0;0.0;0.0;0.0;0.2;0.0;0;0.11;2.3;1.2;3.7
656;João Moutinho;pt;Wolves;518;34;170;61;Midfielder;M_C;38;4;3108;7.01;1;6;7;0;0.6;0.6;1;85.5;2.0;0.4;0.7;0.1;0.6;48.4;1.8;4.0;0.1;2.4;1.3;1.1;0.5;2.4;0;0.0;0.0;0.0;0.0
594;Declan Rice;gb-eng;West Ham;928;21;185;76;Midfielder;D_C,DMC;38;0;3420;7.01;1;3;6;0;0.8;1.4;2;86.0;0.6;1.3;0.2;0.1;0.6;45.6;0.3;3.4;0.0;3.1;2.0;1.1;1.3;1.3;0;0.0;0.0;0.0;0.0
120;Nemanja Matic;rs;Man Utd;314;32;194;85;Midfielder;DMC;21;3;1613;7.0;0;2;3;0;0.3;1.4;1;87.0;0.7;1.0;0.9;0.0;0.8;60.2;0.1;2.2;0.0;2.2;1.0;1.3;1.2;1.1;0;0.0;0.0;0.0;0.0
625;John McGinn;gb-sct;Aston Villa;134;25;178;68;Midfielder;M_C;28;1;2318;7.0;3;3;3;0;2.0;0.7;4;81.4;1.3;1.9;2.4;0.0;1.8;25.4;0.5;2.9;0.0;1.9;0.9;1.3;0.5;1.5;0;0.0;0.0;0.0;0.0
964;Aymeric Laporte;fr;Man City;875;26;191;86;Defender;D_C,D_L;15;1;1104;7.0;1;0;1;0;0.3;1.7;0;92.5;0.2;0.1;0.6;0.0;0.1;76.5;0.0;3.9;0.0;0.9;1.3;0.6;1.7;0.3;0;0.0;0.0;0.0;0.0
254;Japhet Tanganga;gb-eng;Tottenham;512;21;184;76;Defender;Defender;6;0;526;7.0;0;0;1;0;0.5;3.0;1;81.1;0.2;1.0;0.7;0.0;0.8;33.5;0.0;1.0;0.0;2.8;1.8;1.3;4.8;1.2;0;0.0;0.0;0.0;0.0
504;Jarrod Bowen;gb-eng;West Ham;928;23;175;70;Forward;AM_C,AM_L,AM_R,FW;13;2;922;6.99;1;4;0;0;1.8;0.4;0;77.0;1.2;1.2;1.5;0.1;1.1;16.4;1.2;1.0;0.0;1.5;1.2;0.3;0.3;1.0;0;0.0;0.0;0.0;0.0
438;Matt Doherty;ie;Wolves;518;28;182;80;Defender;D_L,D_R,M_R;36;4;2841;6.99;4;3;1;0;1.0;3.7;3;74.9;0.6;0.8;0.5;0.1;0.4;41.0;0.2;1.3;0.0;1.5;1.1;0.8;1.3;0.4;0;0.0;0.0;0.0;0.0
925;Hugo Lloris;fr;Tottenham;512;33;188;82;Goalkeeper;GK;21;0;1808;6.98;0;0;0;0;0.0;0.3;1;67.1;0.0;0.0;0.0;0.0;0.0;22.6;0.0;5.8;0.0;0.0;0.0;0.0;0.6;0.0;0;0.29;1.8;1.7;3.8
827;Wilfried Zaha;ci;Crystal Palace;521;27;180;66;Forward;AM_L,AM_R,FW;38;1;3280;6.98;4;3;5;0;1.6;0.3;2;81.1;0.9;4.3;3.2;0.4;3.9;28.8;0.5;0.7;0.0;1.1;0.5;1.3;0.1;1.0;0;0.0;0.0;0.0;0.0
673;Chris Basham;gb-eng;Sheff Utd;967;32;190;80;Defender;D_C,D_R,M_C,M_R;38;0;3255;6.98;0;1;4;0;0.2;2.9;4;74.7;0.3;0.6;0.8;0.1;0.2;34.6;0.2;1.8;0.0;2.2;2.0;0.7;4.4;0.9;0;0.0;0.0;0.0;0.0
844;Jonjo Shelvey;gb-eng;Newcastle;719;28;184;80;Midfielder;M_C;26;1;2124;6.97;6;2;3;0;1.7;0.7;1;76.9;1.7;0.6;0.2;0.0;0.4;40.2;0.8;5.5;0.1;1.1;0.9;0.7;1.3;1.2;0;0.0;0.0;0.0;0.0
245;Lucas Moura;br;Tottenham;512;28;172;72;Forward;AM_C,AM_L,AM_R,FW;35;10;2249;6.96;4;4;3;0;1.6;1.7;2;73.5;1.0;2.1;1.8;0.1;2.1;22.1;0.1;0.3;0.1;1.6;0.4;0.9;0.7;1.2;0;0.0;0.0;0.0;0.0
901;Ben Chilwell;gb-eng;Leicester;652;23;178;77;Defender;D_L,M_L;27;0;2376;6.96;3;3;3;0;0.6;2.1;1;78.3;1.3;0.7;1.1;0.0;0.8;61.3;0.7;2.0;0.0;1.6;1.0;1.1;2.0;1.1;0;0.0;0.0;0.0;0.0
306;Nathan Redmond;gb-eng;Southampton;959;26;173;69;Midfielder;AM_C,AM_L,AM_R,FW;32;0;2771;6.96;4;4;2;0;1.8;0.6;2;73.7;1.2;2.5;1.0;0.2;1.6;31.9;0.2;1.2;0.0;1.5;0.5;0.7;0.3;1.1;0;0.0;0.0;0.0;0.0
752;Felipe Anderson;br;West Ham;928;27;175;70;Midfielder;M_C,M_L,M_R,FW;25;5;1508;6.96;1;4;1;0;0.9;0.2;1;78.8;1.0;2.5;1.0;0.1;1.2;35.8;0.4;1.7;0.1;1.8;0.9;0.7;0.4;1.4;0;0.0;0.0;0.0;0.0
449;Pablo Marí;es;Arsenal;924;27;193;87;Defender;D_C;2;0;114;6.94;0;0;0;0;0.0;2.0;0;85.0;0.0;0.0;0.0;0.0;0.0;50.0;0.0;4.0;0.0;1.0;0.5;1.0;4.5;0.0;0;0.0;0.0;0.0;0.0
643;Mateo Kovacic;hr;Chelsea;625;26;178;78;Midfielder;M_C,M_L;31;8;2073;6.94;1;3;8;0;0.7;0.3;1;89.7;0.9;2.5;1.2;0.0;0.9;60.3;0.0;3.0;0.1;2.0;0.7;0.6;0.5;1.3;0;0.0;0.0;0.0;0.0
436;Naby Keita;gn;Liverpool;339;25;172;64;Midfielder;M_C;18;9;814;6.94;2;3;1;0;0.7;0.5;2;88.8;0.8;1.3;0.6;0.1;0.5;37.7;0.0;0.8;0.2;1.7;0.6;0.5;0.1;0.8;0;0.0;0.0;0.0;0.0
435;Shkodran Mustafi;de;Arsenal;924;28;184;82;Defender;D_C,D_R;15;2;1206;6.94;0;1;2;0;0.7;4.3;1;81.9;0.2;0.2;0.2;0.0;0.1;56.3;0.1;3.2;0.0;1.1;1.2;0.9;4.7;0.4;0;0.0;0.0;0.0;0.0
837;John Egan;ie;Sheff Utd;967;27;185;75;Defender;D_C;36;0;3189;6.93;2;0;3;1;0.8;3.8;1;80.2;0.0;0.0;0.6;0.0;0.0;35.8;0.0;3.1;0.0;1.2;1.6;0.9;4.6;0.6;0;0.0;0.0;0.0;0.0
918;Jack O'Connell;gb-eng;Sheff Utd;967;26;190;85;Defender;D_C;33;1;2915;6.93;0;1;4;0;0.4;4.1;1;73.5;0.5;0.3;0.5;0.1;0.3;47.2;0.3;3.8;0.0;0.7;1.3;0.6;4.4;0.3;0;0.0;0.0;0.0;0.0
730;Jordan Ayew;gh;Crystal Palace;521;29;182;80;Forward;AM_C,AM_L,AM_R,FW;37;0;3162;6.93;9;2;6;0;1.6;2.2;4;81.3;0.8;2.0;2.8;0.2;2.6;22.0;0.0;0.5;0.1;1.3;0.4;1.6;0.5;0.9;0;0.0;0.0;0.0;0.0
833;Alexandre Lacazette;fr;Arsenal;924;29;175;73;Forward;M_L,M_R,FW;30;8;1878;6.92;10;4;8;0;1.7;1.0;2;76.4;0.8;0.8;1.5;0.4;1.2;16.8;0.2;0.4;0.0;1.0;0.2;1.5;0.5;0.5;0;0.0;0.0;0.0;0.0
326;Djibril Sidibé;fr;Everton;715;28;182;71;Defender;D_L,D_R,M_R;25;7;1851;6.92;0;4;3;0;0.5;1.2;1;78.6;0.8;0.6;0.8;0.1;0.5;37.9;0.7;2.2;0.0;3.3;1.6;1.0;1.3;1.2;0;0.0;0.0;0.0;0.0
976;Scott McTominay;gb-sct;Man Utd;314;23;193;88;Midfielder;DMC;27;7;1772;6.92;4;1;2;0;1.1;1.6;2;80.9;0.6;1.1;2.0;0.0;1.1;37.4;0.1;2.3;0.1;1.6;1.1;1.3;1.2;0.6;0;0.0;0.0;0.0;0.0
804;Phil Bardsley;gb-sct;Burnley;617;35;180;74;Defender;D_L,D_R;21;0;1890;6.92;0;1;6;0;0.5;1.8;0;66.1;0.5;0.2;0.6;0.0;0.1;31.3;0.3;2.3;0.1;2.3;1.4;1.7;3.1;0.6;0;0.0;0.0;0.0;0.0
786;Mason Mount;gb-eng;Chelsea;625;21;178;70;Midfielder;AM_C,AM_L;37;5;2875;6.91;7;5;3;0;2.1;0.3;2;85.7;1.4;1.1;1.0;0.1;1.4;33.5;0.9;0.7;0.1;1.0;0.4;1.0;0.5;0.9;0;0.0;0.0;0.0;0.0
662;Kurt Zouma;fr;Chelsea;625;25;190;96;Defender;D_C,D_R;28;3;2344;6.91;0;0;6;0;0.5;3.8;1;88.5;0.0;0.3;0.5;0.0;0.2;74.3;0.0;5.0;0.0;0.8;2.1;1.1;4.0;0.2;1;0.0;0.0;0.0;0.0
282;Etienne Capoue;fr;Watford;465;32;189;80;Midfielder;D_C,M_C,M_L;30;0;2632;6.91;0;3;8;0;0.6;1.6;1;81.3;0.7;0.8;1.3;0.0;0.9;47.8;0.3;3.7;0.1;2.5;2.3;1.9;1.9;1.6;0;0.0;0.0;0.0;0.0
349;Tammy Abraham;gb-eng;Chelsea;625;22;190;80;Forward;FW;34;9;2221;6.91;15;3;2;0;2.6;2.6;4;66.8;0.6;0.5;0.7;0.7;1.2;12.0;0.1;0.2;0.0;0.2;0.2;0.5;0.8;0.3;1;0.0;0.0;0.0;0.0
897;Kyle Walker;gb-eng;Man City;875;30;178;70;Defender;D_C,D_R,M_R;29;1;2398;6.9;1;4;5;0;0.5;1.0;0;88.6;0.6;0.8;0.5;0.1;0.5;66.9;0.3;4.3;0.0;1.0;1.0;0.9;1.2;0.6;0;0.0;0.0;0.0;0.0
967;Reece James;gb-eng;Chelsea;625;20;182;82;Defender;D_R,DMC,M_R;24;8;1514;6.9;0;2;1;0;0.8;1.5;1;85.9;1.0;1.2;0.9;0.0;0.9;42.3;1.1;1.7;0.0;1.5;0.9;0.9;0.9;0.8;0;0.0;0.0;0.0;0.0
675;Jonny Evans;gb-nir;Leicester;652;32;188;77;Defender;D_C,D_L;38;0;3386;6.9;1;1;8;1;0.6;3.3;0;86.8;0.2;0.2;0.7;0.1;0.1;65.6;0.0;3.1;0.0;1.3;1.5;0.9;4.5;0.3;1;0.0;0.0;0.0;0.0
911;N'Golo Kanté;fr;Chelsea;625;29;168;68;Midfielder;DMC;22;2;1733;6.9;3;0;4;0;0.8;0.9;0;84.9;1.2;1.1;0.5;0.0;1.3;51.5;0.5;1.8;0.0;2.0;2.0;2.0;1.4;0.9;0;0.0;0.0;0.0;0.0
170;Gerard Deulofeu;es;Watford;465;26;177;73;Forward;AM_L,AM_R,FW;28;3;2109;6.9;4;5;3;0;2.3;0.0;3;80.2;1.6;2.2;0.8;0.6;1.9;25.8;0.5;0.8;0.0;1.2;0.9;1.0;0.2;1.7;0;0.0;0.0;0.0;0.0
280;Philip Billing;dk;Bournemouth;235;24;193;83;Midfielder;DMC;34;5;2536;6.9;1;1;8;0;1.0;3.3;1;74.8;0.4;0.6;0.7;0.1;0.8;33.9;0.0;1.3;0.0;2.1;1.9;1.1;2.8;1.4;0;0.0;0.0;0.0;0.0
273;Dan Burn;gb-eng;Brighton;241;28;198;87;Defender;D_C,D_L;34;1;2881;6.9;0;0;5;0;0.4;4.1;2;74.1;0.6;0.6;0.4;0.1;0.7;46.1;0.3;1.3;0.0;2.0;1.2;0.9;3.6;0.8;0;0.0;0.0;0.0;0.0
507;Olivier Giroud;fr;Chelsea;625;33;192;93;Forward;FW;18;6;1000;6.89;8;0;1;0;2.2;2.8;1;68.2;0.4;0.2;0.5;0.5;0.4;16.6;0.0;0.0;0.1;0.4;0.1;0.9;0.7;0.6;0;0.0;0.0;0.0;0.0
175;Lewis Dunk;gb-eng;Brighton;241;28;192;88;Defender;D_C;36;0;3231;6.89;3;3;9;0;0.9;2.8;1;87.0;0.4;0.1;0.5;0.0;0.2;62.5;0.0;4.6;0.0;1.1;1.5;0.5;3.4;0.5;0;0.0;0.0;0.0;0.0
763;Ciaran Clark;ie;Newcastle;719;31;185;88;Defender;D_C,D_L;14;0;1189;6.89;2;0;3;0;0.4;2.1;0;77.3;0.1;0.4;0.5;0.0;0.1;23.0;0.0;2.0;0.0;1.4;0.8;0.6;5.6;0.4;0;0.0;0.0;0.0;0.0
968;Frédéric Guilbert;fr;Aston Villa;134;25;178;70;Defender;D_C,D_L,D_R,M_R;25;3;2041;6.89;0;2;7;0;0.3;1.9;1;68.9;0.5;0.9;0.8;0.1;0.6;30.0;0.6;1.6;0.0;3.0;2.0;1.4;2.4;1.2;0;0.0;0.0;0.0;0.0
428;Oliver McBurnie;gb-sct;Sheff Utd;967;24;188;79;Forward;AM_C,AM_L,FW;36;12;2121;6.89;6;0;4;0;1.4;5.6;2;60.5;0.3;0.6;0.8;0.1;0.9;17.1;0.0;0.2;0.0;1.0;0.4;0.8;1.1;0.8;0;0.0;0.0;0.0;0.0
947;Fabinho;br;Liverpool;339;26;188;78;Midfielder;D_R,DMC;28;6;2075;6.88;2;3;6;0;0.4;1.5;1;87.0;0.7;0.3;0.7;0.0;0.3;56.4;0.1;2.9;0.0;2.2;1.2;1.1;0.6;1.5;0;0.0;0.0;0.0;0.0
499;Romain Saïss;ma;Wolves;518;30;190;80;Midfielder;D_C,DMC;33;2;2706;6.88;2;1;10;1;0.7;3.6;1;78.4;0.4;0.2;0.7;0.1;0.2;49.3;0.0;4.1;0.0;1.7;1.7;1.3;3.7;0.4;0;0.0;0.0;0.0;0.0
767;Charlie Taylor;gb-eng;Burnley;617;27;176;70;Defender;D_L,M_L;24;2;1946;6.88;0;1;3;0;0.0;1.9;0;68.7;0.5;0.8;1.2;0.1;0.5;29.7;0.8;1.4;0.0;1.6;1.2;0.7;2.6;0.8;0;0.0;0.0;0.0;0.0
178;Bernd Leno;de;Arsenal;924;28;190;83;Goalkeeper;GK;30;0;2650;6.88;0;0;2;0;0.0;0.3;1;72.2;0.0;0.0;0.1;0.0;0.0;26.7;0.0;2.5;0.0;0.0;0.0;0.0;0.9;0.1;0;0.23;1.9;1.6;3.7
986;Fikayo Tomori;gb-eng;Chelsea;625;22;185;75;Defender;D_C,D_R;15;0;1293;6.88;1;0;3;0;0.5;2.3;0;87.4;0.3;0.6;0.4;0.1;0.3;76.7;0.1;2.8;0.1;1.9;1.5;0.5;2.8;0.3;0;0.0;0.0;0.0;0.0
852;Youri Tielemans;be;Leicester;652;23;176;72;Midfielder;M_C;37;5;2834;6.88;3;6;2;0;1.5;0.7;1;83.0;1.5;0.8;1.3;0.0;0.7;48.1;0.4;2.7;0.1;1.4;0.6;0.9;0.3;1.4;0;0.0;0.0;0.0;0.0
240;Ben Mee;gb-eng;Burnley;617;31;180;74;Defender;D_C,D_L;32;0;2880;6.88;1;1;7;0;0.5;4.1;1;71.4;0.3;0.2;0.7;0.1;0.1;39.3;0.0;3.2;0.0;1.3;1.3;0.8;5.0;0.4;0;0.0;0.0;0.0;0.0
384;Fred;br;Man Utd;314;27;169;64;Midfielder;M_C;29;6;2189;6.87;0;0;8;0;1.4;0.3;0;87.5;1.2;1.4;1.2;0.0;0.9;57.5;0.5;3.8;0.0;2.1;1.3;1.4;0.9;2.6;0;0.0;0.0;0.0;0.0
250;Dele Alli;gb-eng;Tottenham;512;24;188;76;Midfielder;M_C,M_L,FW;25;4;1854;6.87;8;4;2;0;1.7;0.8;1;76.3;0.9;1.2;1.3;0.2;1.6;32.4;0.0;0.7;0.2;1.4;0.7;0.5;0.6;1.0;0;0.0;0.0;0.0;0.0
412;Dominic Calvert-Lewin;gb-eng;Everton;715;23;187;71;Forward;AM_L,FW;36;6;2660;6.87;13;1;9;0;2.4;5.0;2;64.0;0.4;0.4;1.2;0.4;0.6;15.4;0.1;0.3;0.0;0.2;0.2;1.6;1.0;0.2;0;0.0;0.0;0.0;0.0
434;Kyle Walker-Peters;gb-eng;Southampton;959;23;173;62;Defender;D_R;10;3;704;6.86;0;0;1;0;0.2;0.7;0;76.9;0.4;1.7;2.1;0.1;0.6;34.7;0.0;1.0;0.0;1.3;1.4;0.6;1.7;1.0;0;0.0;0.0;0.0;0.0
298;Calum Chambers;gb-eng;Arsenal;924;25;182;66;Defender;D_C,D_R,DMC;14;1;1104;6.86;1;1;5;0;0.9;2.6;1;82.4;0.5;0.8;0.3;0.0;0.7;56.9;0.3;2.5;0.0;1.9;1.1;1.3;2.9;0.4;0;0.0;0.0;0.0;0.0
829;John Fleck;gb-sct;Sheff Utd;967;29;170;72;Midfielder;M_C;30;2;2518;6.86;5;2;8;0;1.0;0.5;2;80.3;1.3;1.5;0.7;0.0;0.6;33.3;1.1;1.3;0.1;1.2;0.8;0.8;0.7;1.4;0;0.0;0.0;0.0;0.0
657;Phil Foden;gb-eng;Man City;875;20;171;70;Midfielder;AM_C,AM_L,AM_R;23;14;893;6.86;5;2;0;0;1.5;0.4;2;88.5;0.8;1.1;0.6;0.0;0.7;21.5;0.3;0.7;0.0;0.6;0.3;0.5;0.1;0.6;0;0.0;0.0;0.0;0.0
963;Matt Targett;gb-eng;Aston Villa;134;25;183;70;Defender;D_L,M_L;28;1;2298;6.86;1;2;4;0;0.2;1.3;1;72.6;1.0;0.3;0.6;0.0;0.5;33.8;0.8;1.8;0.1;1.9;2.0;1.0;2.4;1.1;0;0.0;0.0;0.0;0.0
440;Fernandinho;br;Man City;875;35;179;67;Midfielder;D_C,D_R,DMC;30;4;2399;6.86;0;1;7;2;0.6;2.5;0;89.8;0.3;0.4;0.6;0.0;0.2;74.1;0.0;4.4;0.0;1.7;0.8;0.9;2.7;0.6;1;0.0;0.0;0.0;0.0
658;Luke Shaw;gb-eng;Man Utd;314;25;185;75;Defender;D_C,D_L,M_L;24;4;1764;6.85;0;0;7;0;0.5;1.2;0;87.4;0.8;0.9;0.4;0.2;0.1;47.6;0.4;0.5;0.0;1.4;1.0;1.0;2.1;0.6;0;0.0;0.0;0.0;0.0
493;Jorginho;it;Chelsea;625;28;180;65;Midfielder;DMC;31;4;2384;6.85;4;2;10;0;0.4;0.5;2;88.4;0.7;0.4;1.0;0.0;0.7;72.8;0.0;4.3;0.2;2.1;2.1;0.9;0.8;1.8;0;0.0;0.0;0.0;0.0
855;Ross Barkley;gb-eng;Chelsea;625;26;189;76;Midfielder;M_C,M_L,M_R;21;8;1104;6.84;1;4;0;0;1.9;0.6;2;89.0;1.1;1.3;0.7;0.0;1.6;29.4;0.1;1.9;0.2;0.8;0.3;0.4;0.3;0.6;0;0.0;0.0;0.0;0.0
188;Jetro Willems;nl;Newcastle;719;26;169;65;Defender;D_L,DMC,M_L;19;1;1498;6.84;2;2;0;0;0.7;1.2;1;76.9;0.8;1.1;0.9;0.1;0.4;22.6;0.3;0.5;0.1;1.9;0.9;0.5;2.0;1.1;0;0.0;0.0;0.0;0.0
795;Tariq Lamptey;gb-eng;Brighton;241;19;0;0;Defender;M_R;8;1;591;6.84;0;1;2;0;0.2;0.4;1;83.6;0.8;1.9;2.1;0.0;0.9;21.4;0.4;0.2;0.0;0.9;2.0;1.6;1.9;0.9;0;0.0;0.0;0.0;0.0
875;Dani Ceballos;es;Arsenal;924;24;179;70;Midfielder;M_C,M_L;24;6;1699;6.84;0;2;1;0;0.5;0.4;1;87.9;1.2;1.1;1.5;0.0;1.2;52.1;0.4;3.2;0.1;1.9;1.3;0.8;0.5;1.8;0;0.0;0.0;0.0;0.0
463;Benjamin Mendy;fr;Man City;875;26;185;85;Defender;D_L,DMC,M_L;19;1;1497;6.83;0;2;3;0;0.5;0.8;0;88.4;1.1;1.0;0.1;0.1;0.9;58.1;1.2;1.7;0.0;0.9;0.8;0.6;0.9;0.9;0;0.0;0.0;0.0;0.0
113;Michael Keane;gb-eng;Everton;715;27;191;82;Defender;D_C,D_R;31;3;2586;6.83;2;0;3;0;0.5;4.2;3;82.8;0.2;0.0;0.3;0.0;0.1;46.7;0.0;2.9;0.0;1.0;1.4;0.6;4.8;0.3;1;0.0;0.0;0.0;0.0
909;Pierre-Emile Højbjerg;dk;Southampton;959;25;185;84;Midfielder;M_C;33;3;2751;6.83;0;1;5;0;1.4;1.7;1;78.1;0.9;1.2;1.1;0.0;0.8;55.2;0.3;3.2;0.1;2.4;1.4;1.4;1.5;1.6;0;0.0;0.0;0.0;0.0
887;Jan Bednarek;pl;Southampton;959;24;189;77;Defender;D_C;34;0;3058;6.83;1;1;4;0;0.2;3.7;0;75.3;0.1;0.1;0.4;0.0;0.0;45.2;0.0;2.5;0.0;1.9;2.3;1.0;5.7;0.9;1;0.0;0.0;0.0;0.0
483;Yerry Mina;co;Everton;715;26;195;94;Defender;D_C;29;4;2282;6.83;2;1;3;0;1.0;3.9;1;83.8;0.2;0.2;0.4;0.1;0.0;46.9;0.0;3.7;0.0;1.3;1.0;0.7;3.4;0.2;1;0.0;0.0;0.0;0.0
331;Jannik Vestergaard;dk;Southampton;959;28;199;96;Defender;D_C;19;2;1498;6.82;1;0;3;0;0.6;4.3;1;77.1;0.3;0.2;0.5;0.0;0.1;43.3;0.1;2.2;0.0;1.0;1.4;0.5;5.1;0.9;0;0.0;0.0;0.0;0.0
924;James Tomkins;gb-eng;Crystal Palace;521;31;192;74;Defender;D_C,D_R;18;0;1584;6.82;1;1;5;0;0.5;3.3;1;79.4;0.1;0.1;0.6;0.1;0.1;37.3;0.0;2.6;0.0;1.6;1.2;0.8;5.5;0.4;0;0.0;0.0;0.0;0.0
882;Toby Alderweireld;be;Tottenham;512;31;187;90;Defender;D_C,D_R;33;0;2958;6.82;2;2;7;0;0.5;2.2;0;81.7;0.3;0.0;0.1;0.0;0.2;59.9;0.1;4.3;0.1;1.2;0.9;0.5;5.2;0.4;1;0.0;0.0;0.0;0.0
587;Enda Stevens;ie;Sheff Utd;967;30;183;78;Defender;D_C,D_L,M_L;38;0;3347;6.82;2;4;7;0;0.6;0.8;0;74.9;0.9;1.6;0.5;0.1;1.1;38.7;0.5;1.8;0.1;2.1;0.9;1.0;1.6;1.4;0;0.0;0.0;0.0;0.0
710;Rúben Neves;pt;Wolves;518;23;180;72;Midfielder;DMC;38;3;3060;6.82;2;2;9;0;1.6;0.8;1;80.1;0.8;0.6;0.4;0.0;0.3;53.2;0.2;5.8;0.1;1.6;1.5;0.8;0.8;1.4;0;0.0;0.0;0.0;0.0
639;Sokratis;gr;Arsenal;924;32;186;85;Defender;D_C,D_R;19;0;1697;6.82;2;0;6;0;0.4;3.1;0;87.9;0.1;0.3;0.6;0.1;0.3;54.2;0.0;3.7;0.0;1.3;0.9;1.0;3.5;0.6;0;0.0;0.0;0.0;0.0
334;Oliver Norwood;gb-nir;Sheff Utd;967;29;180;75;Midfielder;M_C;38;1;3101;6.82;1;1;8;0;0.4;1.2;2;82.3;1.3;0.2;0.4;0.0;0.1;52.8;1.4;6.1;0.0;1.7;1.2;0.8;1.0;1.8;0;0.0;0.0;0.0;0.0
860;Christian Benteke;be;Crystal Palace;521;29;190;83;Forward;FW;24;11;1259;6.81;2;1;4;1;1.7;6.0;0;54.3;0.8;0.8;0.8;0.5;1.0;14.0;0.0;0.3;0.1;0.4;0.2;1.0;1.2;0.4;0;0.0;0.0;0.0;0.0
566;Georginio Wijnaldum;nl;Liverpool;339;29;175;69;Midfielder;M_C,M_L,M_R;37;2;2948;6.81;4;0;0;0;1.0;0.8;0;90.8;0.5;1.1;0.9;0.0;0.8;43.9;0.0;1.1;0.0;1.0;0.5;0.4;0.9;0.8;0;0.0;0.0;0.0;0.0
640;Sander Berge;no;Sheff Utd;967;22;195;96;Midfielder;DMC;14;2;950;6.81;1;1;0;0;0.4;2.5;1;79.9;0.1;1.1;0.4;0.1;0.5;26.3;0.1;0.9;0.0;1.6;0.7;1.3;0.9;0.4;0;0.0;0.0;0.0;0.0
115;James McArthur;gb-sct;Crystal Palace;521;32;178;75;Midfielder;M_C,M_L,M_R;37;0;3105;6.81;0;3;6;0;0.8;1.2;0;78.5;0.9;0.8;0.9;0.1;1.1;38.6;0.2;1.7;0.0;2.4;1.6;1.5;1.3;1.9;0;0.0;0.0;0.0;0.0
124;Jonny;es;Wolves;518;26;175;70;Defender;D_C,D_L,D_R,M_L;35;2;2891;6.81;2;2;4;0;0.5;1.0;1;81.3;0.7;0.9;0.8;0.1;1.0;31.1;0.3;0.6;0.0;2.6;1.5;1.0;0.8;1.5;0;0.0;0.0;0.0;0.0
672;Matt Ritchie;gb-sct;Newcastle;719;31;172;76;Midfielder;D_L,M_C,M_L,M_R;18;4;1317;6.81;2;1;4;0;1.4;1.2;1;74.3;1.8;0.4;0.9;0.0;0.4;29.2;1.6;1.3;0.0;1.2;0.8;1.4;1.5;0.7;0;0.0;0.0;0.0;0.0
485;David McGoldrick;ie;Sheff Utd;967;32;183;74;Forward;AM_C,AM_L,AM_R,FW;28;6;1825;6.81;2;2;2;0;1.6;3.0;1;74.9;0.6;1.1;0.6;0.4;1.0;21.8;0.1;0.6;0.0;1.5;0.1;1.1;0.8;0.5;0;0.0;0.0;0.0;0.0
453;Nicolás Otamendi;ar;Man City;875;32;183;81;Defender;D_C;24;6;1711;6.8;2;0;3;0;0.6;2.5;0;92.4;0.2;0.1;0.1;0.0;0.1;63.9;0.0;2.5;0.0;1.2;0.9;0.9;3.0;0.7;0;0.0;0.0;0.0;0.0
900;Ryan Fredericks;gb-eng;West Ham;928;27;181;74;Defender;D_R,M_R;27;2;2237;6.8;0;3;7;0;0.1;1.3;1;74.1;0.8;0.4;0.8;0.0;0.4;31.7;0.6;1.1;0.0;3.0;0.9;0.9;2.4;0.9;0;0.0;0.0;0.0;0.0
813;James Justin;gb-eng;Leicester;652;22;183;80;Defender;D_R;13;2;1010;6.8;0;1;1;0;0.5;1.7;0;82.6;0.9;0.6;1.5;0.1;0.9;52.5;0.5;1.5;0.0;2.8;0.8;0.6;1.8;0.8;1;0.0;0.0;0.0;0.0
276;Adam Webster;gb-eng;Brighton;241;25;191;75;Defender;D_C;31;0;2670;6.79;3;1;4;0;0.5;3.6;0;83.1;0.4;0.5;0.6;0.0;0.2;60.6;0.1;3.7;0.0;1.0;1.5;0.4;3.5;0.6;1;0.0;0.0;0.0;0.0
128;Robert Snodgrass;gb-sct;West Ham;928;33;182;82;Midfielder;AM_C,AM_L,AM_R;24;7;1513;6.79;5;5;4;0;0.9;0.6;1;77.8;1.4;0.8;1.3;0.2;1.0;21.0;1.6;0.7;0.0;1.2;0.2;0.8;0.5;1.3;0;0.0;0.0;0.0;0.0
707;Jan Vertonghen;be;Tottenham;512;33;189;87;Defender;D_C,D_L;23;4;1647;6.79;1;1;2;0;0.2;2.6;1;82.8;0.1;0.2;0.7;0.0;0.3;47.9;0.0;1.7;0.0;1.7;1.4;0.3;2.9;0.5;0;0.0;0.0;0.0;0.0
785;Ashley Westwood;gb-eng;Burnley;617;30;175;80;Midfielder;DMC;35;0;3150;6.79;2;6;9;0;0.4;0.5;1;78.7;1.5;0.2;0.9;0.0;0.3;49.7;1.1;3.3;0.1;1.5;0.9;0.9;0.7;0.9;0;0.0;0.0;0.0;0.0
267;George Baldock;gb-eng;Sheff Utd;967;27;178;71;Defender;D_R,M_R;38;0;3420;6.79;2;3;7;0;0.3;1.0;0;75.9;0.6;1.1;1.2;0.3;0.6;29.4;1.0;0.6;0.0;1.6;0.9;1.2;1.8;0.5;0;0.0;0.0;0.0;0.0
203;Angeliño;es;Man City;875;23;175;69;Defender;D_L,M_L;6;2;422;6.78;0;0;1;0;0.8;1.0;0;84.3;1.5;0.7;0.3;0.0;0.5;56.3;1.5;1.2;0.0;0.8;1.5;0.3;2.5;0.3;0;0.0;0.0;0.0;0.0
290;Granit Xhaka;ch;Arsenal;924;28;185;82;Midfielder;M_C;31;1;2591;6.78;1;2;10;0;0.4;1.5;0;88.1;0.5;0.8;1.0;0.0;0.4;61.4;0.1;4.1;0.0;1.5;0.7;1.8;1.8;1.0;0;0.0;0.0;0.0;0.0
315;Pedro;es;Chelsea;625;33;169;65;Forward;M_C,M_L,M_R;11;3;662;6.78;1;1;1;0;2.0;0.3;0;83.2;1.5;1.1;1.0;0.0;0.8;28.6;0.3;0.9;0.3;1.4;0.8;0.7;0.1;1.1;0;0.0;0.0;0.0;0.0
303;Moussa Djenepo;ml;Southampton;959;22;177;65;Midfielder;AM_L,AM_R;18;8;926;6.78;2;2;4;1;1.1;0.2;3;74.1;0.6;2.4;1.7;0.2;1.2;13.3;0.2;0.3;0.0;1.5;0.5;1.3;0.5;0.6;0;0.0;0.0;0.0;0.0
799;Joe Gomez;gb-eng;Liverpool;339;23;188;77;Defender;D_C,D_L,D_R;28;6;2000;6.78;0;0;7;0;0.0;2.5;0;88.0;0.2;0.3;0.5;0.0;0.1;71.0;0.1;3.7;0.0;0.8;1.4;0.8;2.1;0.4;0;0.0;0.0;0.0;0.0
279;Antonio Rüdiger;de;Chelsea;625;27;190;85;Defender;D_C,D_R;20;1;1711;6.77;2;0;3;0;0.6;2.8;1;86.8;0.2;0.2;0.4;0.0;0.2;74.6;0.0;5.6;0.0;1.4;0.8;1.0;2.8;0.4;1;0.0;0.0;0.0;0.0
597;Nick Pope;gb-eng;Burnley;617;28;191;76;Goalkeeper;GK;38;0;3420;6.77;0;0;1;0;0.0;0.6;4;37.6;0.1;0.0;0.2;0.0;0.0;26.5;0.0;7.3;0.0;0.0;0.1;0.0;0.7;0.0;0;0.18;1.8;1.1;3.1
156;Grant Hanley;gb-sct;Norwich;193;28;187;81;Defender;D_C;15;1;1262;6.77;0;0;4;0;0.5;2.9;0;82.8;0.0;0.1;1.3;0.0;0.1;43.9;0.0;2.1;0.0;1.6;2.1;0.8;5.1;0.4;1;0.0;0.0;0.0;0.0
197;Ayoze Pérez;es;Leicester;652;27;178;72;Forward;AM_C,AM_L,AM_R,FW;33;7;2020;6.77;8;4;0;0;1.4;0.8;0;79.7;0.8;1.1;0.9;0.2;1.8;22.2;0.2;0.3;0.1;1.4;0.4;0.9;0.2;1.4;0;0.0;0.0;0.0;0.0
775;Kortney Hause;gb-eng;Aston Villa;134;25;191;77;Defender;D_C,D_L;18;1;1544;6.77;1;0;3;0;1.1;5.6;1;73.5;0.1;0.5;0.5;0.1;0.4;44.4;0.0;3.4;0.0;1.2;1.1;1.3;5.2;0.4;0;0.0;0.0;0.0;0.0
434;Kyle Walker-Peters;gb-eng;Tottenham;512;23;173;62;Defender;D_R;3;0;242;6.77;0;0;0;0;0.3;0.7;0;87.6;0.7;1.7;1.7;0.3;1.0;61.7;0.3;1.3;0.0;2.7;1.0;0.3;1.7;1.3;0;0.0;0.0;0.0;0.0
607;Ben Davies;gb-wls;Tottenham;512;27;181;76;Defender;D_C,D_L,M_L;18;2;1432;6.77;0;0;6;0;0.4;2.5;1;76.6;0.5;0.5;0.4;0.1;0.5;44.2;0.6;1.4;0.0;1.6;1.2;1.5;2.3;0.8;0;0.0;0.0;0.0;0.0
848;Sam Byram;gb-eng;Norwich;193;27;180;72;Defender;D_L,D_R,M_R;17;2;1294;6.77;0;0;4;0;0.9;2.5;0;77.8;0.4;0.4;0.5;0.1;0.3;37.4;0.1;0.9;0.0;2.4;1.5;0.9;3.6;1.1;0;0.0;0.0;0.0;0.0
732;Mason Holgate;gb-eng;Everton;715;23;184;63;Defender;D_C,D_R,M_R;27;3;2084;6.77;0;3;5;0;0.4;1.6;2;84.2;0.1;0.4;0.9;0.0;0.2;39.2;0.0;4.2;0.1;1.6;1.3;0.6;3.5;0.4;0;0.0;0.0;0.0;0.0
143;Joshua King;no;Bournemouth;235;28;180;74;Forward;AM_C,AM_L,AM_R,FW;26;2;2020;6.76;6;4;0;0;1.0;2.3;1;72.3;1.2;2.0;1.0;0.3;2.1;19.2;0.2;0.2;0.0;0.6;0.3;1.4;0.3;0.5;0;0.0;0.0;0.0;0.0
211;Ben Johnson;gb-eng;West Ham;928;20;175;67;Defender;Defender;3;0;270;6.76;0;0;0;0;0.3;2.3;0;72.7;0.3;0.3;0.3;0.0;0.3;40.3;0.7;2.0;0.0;2.7;1.0;2.7;3.3;1.0;0;0.0;0.0;0.0;0.0
746;Harvey Barnes;gb-eng;Leicester;652;22;174;66;Midfielder;AM_C,AM_L;36;12;2094;6.76;6;8;0;0;1.7;0.8;1;79.5;1.0;1.2;0.8;0.1;0.6;19.4;0.1;0.3;0.1;0.4;0.2;0.6;0.1;0.5;0;0.0;0.0;0.0;0.0
979;Diogo Jota;pt;Wolves;518;23;178;70;Forward;AM_C,AM_L,FW;34;7;2298;6.76;7;1;4;0;2.0;0.9;3;79.8;0.9;1.9;1.8;0.1;1.6;24.8;0.3;0.7;0.0;0.8;0.3;1.2;0.3;1.1;0;0.0;0.0;0.0;0.0
595;Jean-Philippe Gbamin;ci;Everton;715;25;186;83;Midfielder;D_C,D_R,DMC;2;1;135;6.76;0;0;0;0;0.0;1.5;0;71.4;0.0;1.0;1.0;0.0;2.0;35.0;0.0;1.0;0.0;2.0;0.5;1.0;2.0;0.5;0;0.0;0.0;0.0;0.0
543;Wesley;br;Aston Villa;134;23;191;93;Forward;FW;21;0;1790;6.76;5;1;3;0;1.7;3.3;1;71.8;0.5;0.6;0.7;0.7;0.9;17.6;0.0;0.6;0.0;0.7;0.2;2.0;1.1;0.2;0;0.0;0.0;0.0;0.0
358;Cédric Soares;pt;Southampton;959;29;172;67;Defender;D_R,M_R;16;0;1310;6.76;0;1;1;0;0.6;1.1;1;68.8;0.7;0.2;0.2;0.0;0.6;30.9;0.9;1.4;0.0;2.8;1.2;0.6;2.8;1.0;0;0.0;0.0;0.0;0.0
886;Ashley Young;gb-eng;Man Utd;314;35;175;65;Defender;D_L,D_R,M_L,M_R;12;2;954;6.76;0;0;5;0;0.2;1.2;0;80.6;1.6;0.6;1.3;0.0;0.6;47.6;1.8;2.2;0.0;1.2;0.9;1.2;1.8;1.0;0;0.0;0.0;0.0;0.0
879;Patrick van Aanholt;nl;Crystal Palace;521;30;176;74;Defender;D_L,M_L;29;0;2511;6.76;3;2;0;0;0.9;0.6;2;81.2;1.1;0.6;0.3;0.1;0.5;41.9;1.1;1.0;0.0;1.5;1.6;0.3;1.5;0.9;1;0.0;0.0;0.0;0.0
357;Fabian Schär;ch;Newcastle;719;28;188;84;Defender;D_C;22;4;1634;6.75;2;0;5;0;0.9;1.5;1;74.8;0.2;0.7;1.1;0.1;0.2;34.6;0.0;4.3;0.0;1.8;2.1;1.3;3.3;1.0;0;0.0;0.0;0.0;0.0
527;Nathan Aké;nl;Bournemouth;235;25;180;75;Defender;D_C,D_L,DMC;29;0;2505;6.75;2;2;2;0;0.9;2.1;0;87.6;0.2;0.1;0.4;0.1;0.2;41.7;0.0;1.8;0.0;1.1;1.2;0.3;5.1;0.3;0;0.0;0.0;0.0;0.0
990;Andreas Christensen;dk;Chelsea;625;24;188;78;Defender;D_C,DMC;21;0;1754;6.75;0;0;5;0;0.3;3.3;0;91.4;0.2;0.2;0.5;0.0;0.0;62.2;0.0;2.5;0.1;1.8;1.4;0.8;2.7;0.3;0;0.0;0.0;0.0;0.0
319;Angelo Ogbonna;it;West Ham;928;32;191;86;Defender;D_C;31;0;2787;6.74;2;0;4;0;0.4;3.3;0;76.2;0.1;0.2;0.5;0.0;0.1;31.5;0.0;2.5;0.0;1.2;0.9;0.7;4.2;0.5;1;0.0;0.0;0.0;0.0
414;Chris Mepham;gb-wls;Bournemouth;235;22;191;84;Defender;D_C;12;2;911;6.73;1;0;1;0;0.6;2.8;1;86.6;0.1;0.2;0.4;0.1;0.3;41.7;0.1;1.6;0.0;1.7;1.4;0.9;5.2;0.2;0;0.0;0.0;0.0;0.0
818;Daryl Janmaat;nl;Watford;465;31;185;80;Defender;D_R,M_R;8;1;608;6.73;0;1;1;0;0.5;0.2;0;76.4;0.8;0.6;0.1;0.0;0.2;33.4;0.9;1.0;0.0;1.8;0.9;0.6;2.4;0.9;1;0.0;0.0;0.0;0.0
490;Mason Greenwood;gb-eng;Man Utd;314;18;181;70;Forward;AM_R,FW;31;19;1313;6.73;10;1;0;0;1.3;0.2;1;86.3;0.5;0.7;0.3;0.1;0.5;16.0;0.0;0.6;0.0;0.5;0.2;0.4;0.2;0.5;0;0.0;0.0;0.0;0.0
540;Moussa Sissoko;fr;Tottenham;512;31;187;83;Midfielder;M_C,M_R;29;1;2455;6.73;2;1;8;0;0.5;0.9;0;87.5;0.6;1.4;0.6;0.1;0.7;43.0;0.1;1.2;0.0;1.3;0.9;1.5;1.2;1.0;0;0.0;0.0;0.0;0.0
216;Federico Fernández;ar;Newcastle;719;31;190;83;Defender;D_C;32;3;2618;6.73;2;2;8;0;0.5;1.9;2;77.0;0.1;0.3;0.6;0.1;0.1;34.7;0.2;3.1;0.0;1.3;0.8;0.5;5.8;0.7;1;0.0;0.0;0.0;0.0
328;Ondrej Duda;sk;Norwich;193;25;181;75;Midfielder;AM_C,FW;10;1;729;6.72;0;0;0;0;1.0;0.6;0;83.1;1.6;0.6;1.3;0.2;0.3;33.8;1.3;1.4;0.2;1.8;0.6;0.9;0.7;0.9;0;0.0;0.0;0.0;0.0
367;Kasper Schmeichel;dk;Leicester;652;33;189;89;Goalkeeper;GK;38;0;3420;6.72;0;0;2;0;0.0;0.3;2;75.4;0.1;0.0;0.2;0.0;0.0;27.2;0.0;6.5;0.0;0.0;0.0;0.0;0.3;0.0;0;0.18;1.7;0.7;2.5
271;Chris Wood;nz;Burnley;617;28;191;81;Forward;FW;32;3;2446;6.72;14;1;1;0;2.0;3.8;2;63.0;0.7;0.2;0.9;1.1;0.9;14.4;0.0;0.1;0.0;0.2;0.1;1.1;0.6;0.3;1;0.0;0.0;0.0;0.0
396;Martin Dubravka;sk;Newcastle;719;31;190;80;Goalkeeper;GK;38;0;3420;6.72;0;0;0;0;0.0;0.3;1;50.6;0.0;0.0;0.1;0.0;0.0;25.5;0.0;7.9;0.0;0.0;0.0;0.0;0.9;0.0;0;0.37;2.1;1.2;3.7
251;Steve Cook;gb-eng;Bournemouth;235;29;185;82;Defender;D_C;29;1;2430;6.72;1;0;6;1;0.4;4.0;1;79.2;0.1;0.1;0.5;0.0;0.1;43.8;0.0;2.7;0.0;0.8;1.5;0.6;5.2;0.4;0;0.0;0.0;0.0;0.0
459;Dean Henderson;gb-eng;Sheff Utd;967;23;188;85;Goalkeeper;GK;36;0;3240;6.72;0;0;2;0;0.0;0.5;1;36.8;0.0;0.0;0.1;0.0;0.0;25.9;0.0;7.4;0.0;0.0;0.0;0.0;0.8;0.0;0;0.17;1.5;1.0;2.6
825;Isaac Hayden;gb-eng;Newcastle;719;25;185;79;Midfielder;DMC;29;3;2226;6.72;1;2;4;1;0.6;1.7;0;79.0;0.5;0.9;0.7;0.1;0.6;27.6;0.2;0.6;0.0;1.9;1.3;0.9;1.1;1.0;0;0.0;0.0;0.0;0.0
863;Craig Dawson;gb-eng;Watford;465;30;188;82;Defender;D_C,D_R;29;3;2361;6.72;2;0;6;0;0.9;3.5;1;77.5;0.2;0.1;0.4;0.0;0.1;32.3;0.0;3.0;0.0;1.0;1.2;1.1;3.8;0.5;0;0.0;0.0;0.0;0.0
717;Ismaila Sarr;sn;Watford;465;22;185;76;Forward;AM_L,AM_R,FW;28;6;2030;6.71;5;4;1;0;1.6;0.7;2;81.5;0.9;1.7;1.7;0.5;2.0;17.6;0.6;0.3;0.0;0.4;0.6;0.8;0.2;0.6;0;0.0;0.0;0.0;0.0
895;Yves Bissouma;ml;Brighton;241;24;182;80;Midfielder;M_C;22;7;1263;6.71;1;0;4;0;0.7;0.8;1;85.0;0.2;1.5;0.7;0.0;1.1;28.1;0.0;1.6;0.0;2.2;1.0;1.4;1.0;1.0;0;0.0;0.0;0.0;0.0
940;Alex McCarthy;gb-eng;Southampton;959;30;193;79;Goalkeeper;GK;28;0;2520;6.71;0;0;0;0;0.0;0.6;2;51.5;0.0;0.1;0.1;0.0;0.0;26.6;0.0;7.2;0.0;0.0;0.0;0.0;0.9;0.0;0;0.32;1.8;0.8;2.8
523;Mesut Özil;de;Arsenal;924;31;180;76;Midfielder;M_C,M_L,M_R;18;0;1449;6.71;1;2;1;0;0.5;0.1;0;88.3;2.1;0.9;1.0;0.3;1.2;46.4;1.1;1.2;0.0;0.9;0.3;0.8;0.1;1.1;0;0.0;0.0;0.0;0.0
734;Josh Brownhill;gb-eng;Burnley;617;24;180;69;Midfielder;M_C,M_R;10;1;806;6.71;0;0;2;0;0.6;2.0;0;82.5;0.3;0.7;0.9;0.0;0.4;33.1;0.0;1.0;0.0;1.4;1.4;0.6;1.7;0.8;0;0.0;0.0;0.0;0.0
508;Shane Duffy;ie;Brighton;241;28;193;76;Defender;D_C;19;7;1232;6.71;1;0;2;0;0.4;3.7;1;80.7;0.1;0.2;0.5;0.0;0.2;33.7;0.1;2.3;0.0;0.9;1.1;0.7;3.7;0.6;0;0.0;0.0;0.0;0.0
740;Eric Dier;gb-eng;Tottenham;512;26;188;88;Midfielder;D_C,D_R,DMC;19;4;1342;6.71;0;2;5;0;0.4;3.5;0;80.7;0.4;0.2;0.2;0.1;0.2;48.1;0.0;2.5;0.1;1.1;1.1;1.0;3.2;0.5;0;0.0;0.0;0.0;0.0
189;Victor Lindelöf;se;Man Utd;314;26;187;80;Defender;D_C,D_R;35;0;3124;6.71;1;0;6;0;0.2;2.7;0;86.5;0.1;0.1;0.2;0.0;0.1;59.8;0.0;2.1;0.0;0.8;0.7;0.6;3.5;0.1;1;0.0;0.0;0.0;0.0
749;Emerson;it;Chelsea;625;26;176;63;Defender;D_L,M_L;15;2;1026;6.71;0;0;3;0;0.9;1.1;1;85.1;1.3;0.8;1.1;0.1;0.5;47.9;0.9;1.5;0.0;1.5;1.2;0.3;0.9;0.3;0;0.0;0.0;0.0;0.0
518;Brandon Williams;gb-eng;Man Utd;314;20;171;63;Defender;D_L,M_L;17;6;1037;6.71;1;0;6;0;0.4;0.6;1;84.6;0.8;0.9;0.9;0.1;0.4;32.5;0.2;1.0;0.1;1.2;0.9;0.8;0.8;1.2;0;0.0;0.0;0.0;0.0
819;Tanguy Ndombele;fr;Tottenham;512;23;181;76;Midfielder;DMC;21;9;1011;6.71;2;2;3;0;0.4;0.3;1;85.6;0.6;1.8;1.4;0.0;1.1;30.1;0.1;0.9;0.0;1.1;0.7;0.7;0.3;0.6;0;0.0;0.0;0.0;0.0
758;Jefferson Lerma;co;Bournemouth;235;25;179;70;Midfielder;D_R,DMC;33;2;2709;6.7;1;2;11;1;0.9;1.7;0;78.7;0.4;0.8;1.1;0.0;0.5;42.4;0.0;2.9;0.0;1.6;1.7;1.3;1.5;0.8;0;0.0;0.0;0.0;0.0
550;Ilkay Gündogan;de;Man City;875;29;180;80;Midfielder;M_C;31;10;2017;6.7;2;1;7;0;1.1;0.4;0;91.9;1.1;0.6;0.5;0.1;0.4;63.0;0.3;3.4;0.0;0.9;1.0;0.5;0.4;1.0;0;0.0;0.0;0.0;0.0
561;Oleksandr Zinchenko;ua;Man City;875;23;175;64;Defender;D_L,M_C,M_R;19;6;1273;6.7;0;0;0;1;0.8;1.4;0;90.7;1.1;0.2;0.1;0.1;0.4;63.7;0.7;1.7;0.0;1.6;0.9;0.7;1.0;0.8;0;0.0;0.0;0.0;0.0
739;John Lundstram;gb-eng;Sheff Utd;967;26;181;74;Midfielder;DMC;34;8;2456;6.7;5;3;5;0;1.3;0.7;1;82.7;0.6;0.5;0.4;0.2;0.4;34.6;0.3;2.5;0.1;1.4;1.0;0.8;1.3;1.3;0;0.0;0.0;0.0;0.0
194;Christian Kabasele;be;Watford;465;29;187;84;Defender;D_C;27;1;2253;6.7;0;2;1;2;0.3;2.3;1;72.7;0.2;0.3;0.5;0.0;0.2;24.8;0.0;2.2;0.0;1.4;1.3;0.8;4.6;0.6;0;0.0;0.0;0.0;0.0
327;Miguel Almirón;py;Newcastle;719;26;174;70;Midfielder;AM_C,AM_L,AM_R,FW;36;1;3034;6.7;4;2;5;0;1.6;0.3;2;80.2;0.9;1.3;1.6;0.7;1.0;23.0;0.2;0.6;0.1;1.7;0.9;0.8;0.4;0.9;0;0.0;0.0;0.0;0.0
578;Jamaal Lascelles;gb-eng;Newcastle;719;26;188;89;Defender;D_C;24;0;2079;6.7;1;0;5;0;0.4;3.1;1;79.8;0.1;0.2;0.8;0.1;0.2;35.3;0.0;2.2;0.0;0.6;1.2;0.9;4.8;0.2;0;0.0;0.0;0.0;0.0
193;Conor Hourihane;ie;Aston Villa;134;29;180;62;Midfielder;DMC;27;9;1539;6.69;3;5;4;0;1.1;0.5;2;82.7;1.4;0.1;0.8;0.1;0.3;22.7;1.0;0.7;0.0;0.6;0.3;0.5;1.0;0.6;0;0.0;0.0;0.0;0.0
814;Aaron Ramsdale;gb-eng;Bournemouth;235;22;188;77;Goalkeeper;GK;37;0;3330;6.69;0;1;0;0;0.0;0.3;1;52.0;0.1;0.0;0.1;0.0;0.0;25.5;0.0;5.5;0.0;0.1;0.0;0.0;1.1;0.0;0;0.35;1.6;1.4;3.4
751;Matteo Guendouzi;fr;Arsenal;924;21;185;64;Midfielder;DMC;24;5;1748;6.69;0;1;6;0;0.5;0.5;0;88.4;0.5;1.0;2.0;0.0;0.9;48.0;0.0;2.9;0.1;1.3;1.2;0.7;1.4;1.2;0;0.0;0.0;0.0;0.0
806;Gary Cahill;gb-eng;Crystal Palace;521;34;193;86;Defender;D_C;25;0;2168;6.69;0;1;1;0;0.8;3.5;0;84.9;0.1;0.2;0.5;0.0;0.2;40.2;0.0;2.9;0.0;0.6;0.7;0.6;4.4;0.3;0;0.0;0.0;0.0;0.0
788;Eric García;es;Man City;875;19;182;0;Defender;D_C;13;5;791;6.69;0;0;1;0;0.2;0.8;0;93.1;0.2;0.5;0.2;0.0;0.0;56.0;0.1;2.0;0.0;0.5;1.4;0.7;2.4;0.3;0;0.0;0.0;0.0;0.0
791;Vicente Guaita;es;Crystal Palace;521;33;190;81;Goalkeeper;GK;35;0;3150;6.69;0;0;1;0;0.0;0.5;2;49.5;0.0;0.0;0.1;0.0;0.0;25.3;0.0;6.3;0.0;0.0;0.0;0.0;1.1;0.0;1;0.4;1.7;1.0;3.1
322;Steven Alzate;co;Brighton;241;22;180;75;Midfielder;DMC;19;7;1183;6.69;0;0;1;0;0.7;0.5;0;83.9;0.7;1.8;0.9;0.2;1.5;31.7;0.2;0.7;0.1;1.7;0.7;0.9;0.6;0.5;0;0.0;0.0;0.0;0.0
835;Leander Dendoncker;be;Wolves;518;25;188;76;Midfielder;D_C,DMC;38;6;2795;6.68;4;0;5;0;0.5;2.5;1;83.3;0.2;0.4;0.2;0.0;0.3;34.8;0.1;1.7;0.0;1.8;1.0;0.8;1.6;1.0;1;0.0;0.0;0.0;0.0
989;John Stones;gb-eng;Man City;875;26;188;70;Defender;D_C,D_R;16;4;1119;6.68;0;0;0;0;0.4;2.8;0;94.2;0.1;0.3;0.1;0.1;0.0;64.7;0.0;3.2;0.0;1.0;0.6;0.3;1.9;0.1;0;0.0;0.0;0.0;0.0
735;Luka Milivojevic;rs;Crystal Palace;521;29;186;80;Midfielder;DMC;31;3;2514;6.67;3;1;12;0;1.0;1.1;2;82.0;0.9;0.2;0.9;0.0;0.4;46.2;1.0;3.4;0.0;2.0;1.4;1.6;1.2;1.6;0;0.0;0.0;0.0;0.0
410;Scott Dann;gb-eng;Crystal Palace;521;33;188;76;Defender;D_C;16;2;1265;6.67;0;1;0;0;0.5;2.4;0;81.3;0.3;0.3;0.0;0.0;0.1;36.4;0.1;2.3;0.0;0.5;0.9;0.3;4.0;0.4;0;0.0;0.0;0.0;0.0
450;Ashley Barnes;gb-eng;Burnley;617;30;186;77;Forward;AM_C,AM_L,FW;19;2;1362;6.67;6;0;4;0;2.1;3.4;1;54.6;0.3;0.3;2.1;0.7;1.0;13.2;0.0;0.2;0.0;0.5;0.3;1.8;0.4;0.3;0;0.0;0.0;0.0;0.0
574;Joelinton;br;Newcastle;719;24;186;81;Forward;AM_L,AM_R,FW;38;6;2699;6.67;2;2;7;0;1.3;4.6;0;76.7;0.8;1.1;1.1;0.5;1.6;21.6;0.1;0.3;0.1;0.9;0.3;0.8;0.8;0.6;0;0.0;0.0;0.0;0.0
678;Matthew Lowton;gb-eng;Burnley;617;31;180;78;Defender;D_L,D_R,M_R;17;0;1530;6.67;0;1;2;0;0.1;1.3;0;68.6;0.6;0.5;0.6;0.0;0.1;32.4;0.5;2.4;0.0;2.4;1.6;0.8;3.1;0.6;0;0.0;0.0;0.0;0.0
919;Jeremy Ngakia;gb-eng;West Ham;928;20;0;0;Defender;D_R;5;0;441;6.67;0;0;0;0;0.2;1.4;0;53.8;0.0;1.8;0.2;0.2;0.4;21.2;0.2;1.2;0.0;3.0;1.4;0.8;3.0;2.4;0;0.0;0.0;0.0;0.0
110;Mark Noble;gb-eng;West Ham;928;33;180;70;Midfielder;M_C;33;1;2686;6.67;4;3;5;0;0.5;0.5;1;82.8;1.3;0.8;0.9;0.0;0.9;45.6;0.4;3.4;0.1;1.6;0.6;0.8;0.3;1.3;0;0.0;0.0;0.0;0.0
366;Abdoulaye Doucouré;fr;Watford;465;27;184;75;Midfielder;M_C;37;1;3167;6.67;4;2;9;0;1.6;1.5;1;78.4;1.0;1.1;0.4;0.2;0.8;45.4;0.1;1.1;0.0;1.7;0.8;1.4;0.8;1.1;1;0.0;0.0;0.0;0.0
241;Cheikhou Kouyaté;sn;Crystal Palace;521;30;189;83;Midfielder;D_C,D_R,DMC;35;6;2538;6.67;1;1;4;0;0.7;2.6;0;73.9;0.3;0.5;0.8;0.1;0.7;24.3;0.1;0.7;0.0;1.9;1.2;0.9;1.6;0.6;0;0.0;0.0;0.0;0.0
624;Shane Long;ie;Southampton;959;33;178;81;Forward;AM_R,FW;26;11;1399;6.67;2;2;0;0;1.3;4.3;0;54.1;0.8;0.2;1.0;0.5;0.8;14.7;0.1;0.1;0.0;0.7;0.2;1.2;0.6;0.5;0;0.0;0.0;0.0;0.0
424;Aaron Mooy;au;Brighton;241;30;174;68;Midfielder;M_C,M_L,M_R;31;6;2090;6.67;2;2;1;1;1.1;0.5;4;81.4;1.3;1.2;0.4;0.0;1.4;31.3;0.7;1.4;0.1;1.2;0.7;0.4;0.9;1.1;0;0.0;0.0;0.0;0.0
718;Mat Ryan;au;Brighton;241;28;184;82;Goalkeeper;GK;38;0;3420;6.67;0;0;0;0;0.0;0.3;0;79.2;0.0;0.0;0.1;0.0;0.0;32.1;0.0;6.8;0.0;0.0;0.1;0.0;0.6;0.1;0;0.29;2.1;0.7;3.1
206;Davinson Sánchez;co;Tottenham;512;24;187;81;Defender;D_C;29;2;2432;6.66;0;0;6;0;0.2;1.8;0;85.9;0.0;0.3;0.4;0.0;0.2;53.2;0.0;2.2;0.0;1.5;1.2;0.9;4.2;0.8;0;0.0;0.0;0.0;0.0
292;Joel Ward;gb-eng;Crystal Palace;521;30;188;83;Defender;D_L,D_R,DMC,M_R;29;2;2383;6.66;0;0;4;0;0.2;1.8;0;71.2;0.2;0.3;1.0;0.0;0.4;33.1;0.2;1.5;0.0;2.4;1.7;0.8;2.8;0.6;0;0.0;0.0;0.0;0.0
759;Stuart Armstrong;gb-sct;Southampton;959;28;183;75;Midfielder;AM_C,AM_L,AM_R;30;11;1716;6.66;5;3;4;0;1.5;0.5;1;77.0;0.6;1.0;0.7;0.1;0.8;19.3;0.2;0.4;0.1;1.1;0.4;0.8;0.7;1.0;0;0.0;0.0;0.0;0.0
822;Neal Maupay;fr;Brighton;241;24;173;69;Forward;FW;37;7;2770;6.66;10;3;3;0;2.6;0.7;1;79.6;0.7;0.6;1.2;0.4;1.5;18.1;0.1;0.4;0.0;0.5;0.1;1.0;0.2;0.5;0;0.0;0.0;0.0;0.0
342;Martin Kelly;gb-eng;Crystal Palace;521;30;191;77;Defender;D_C,D_L,D_R;19;2;1550;6.66;0;1;0;0;0.1;1.7;1;70.5;0.3;0.3;0.0;0.0;0.2;30.0;0.3;1.7;0.0;1.2;0.8;0.4;3.9;0.9;0;0.0;0.0;0.0;0.0
192;Adam Masina;ma;Watford;465;26;189;78;Defender;D_L,M_L;26;6;1819;6.66;1;0;3;0;0.6;2.6;0;63.3;0.4;0.3;0.5;0.1;0.5;26.8;0.5;1.8;0.0;1.5;1.1;1.0;2.3;0.9;0;0.0;0.0;0.0;0.0
693;Kevin Long;ie;Burnley;617;30;188;83;Defender;D_C;8;2;562;6.65;0;0;0;0;0.2;3.5;0;74.0;0.0;0.1;0.8;0.0;0.0;25.0;0.0;1.4;0.0;0.9;0.5;1.1;3.8;0.6;0;0.0;0.0;0.0;0.0
123;Gylfi Sigurdsson;is;Everton;715;31;186;79;Midfielder;M_C,M_L,M_R,FW;35;7;2595;6.65;2;3;3;0;1.3;0.4;0;83.4;1.5;0.5;0.7;0.1;0.7;29.1;1.1;1.3;0.0;1.4;1.1;1.0;0.4;1.5;0;0.0;0.0;0.0;0.0
998;Jarrad Branthwaite;gb-eng;Everton;715;18;195;82;Defender;D_C;4;2;299;6.65;0;0;0;0;0.0;2.2;0;87.9;0.0;0.2;0.8;0.0;0.0;55.8;0.0;3.2;0.0;2.0;0.5;1.0;2.8;0.5;0;0.0;0.0;0.0;0.0
755;Pascal Groß;de;Brighton;241;29;181;78;Midfielder;M_C,M_R,FW;29;7;1804;6.65;2;4;4;0;1.0;0.6;0;79.5;2.0;0.2;0.4;0.3;0.7;31.0;1.6;1.4;0.1;1.2;0.3;0.8;0.2;0.9;1;0.0;0.0;0.0;0.0
761;Bukayo Saka;gb-eng;Arsenal;924;19;178;65;Midfielder;D_L,M_L;26;7;1755;6.65;1;5;6;0;0.5;0.3;0;81.5;0.8;1.2;1.1;0.4;0.8;26.0;0.3;0.7;0.1;1.4;0.5;0.8;0.4;0.7;0;0.0;0.0;0.0;0.0
653;Davy Pröpper;nl;Brighton;241;29;185;79;Midfielder;M_C;35;3;2830;6.65;1;2;4;0;0.8;0.8;1;84.2;0.8;1.3;0.5;0.0;0.7;51.0;0.1;2.0;0.0;1.8;1.1;0.9;0.9;1.5;0;0.0;0.0;0.0;0.0
408;Dale Stephens;gb-eng;Brighton;241;31;169;71;Midfielder;M_C;33;5;2529;6.65;0;1;8;0;0.6;0.6;0;85.7;0.6;0.3;0.2;0.0;0.4;50.8;0.0;3.3;0.1;2.2;1.8;1.3;1.2;1.5;0;0.0;0.0;0.0;0.0
339;Erik Pieters;nl;Burnley;617;32;183;84;Defender;D_L,M_L;24;3;1880;6.65;0;4;2;0;0.6;1.4;0;72.1;0.8;0.2;0.8;0.0;0.2;31.0;0.5;1.2;0.1;2.2;1.2;0.9;2.0;1.7;0;0.0;0.0;0.0;0.0
352;Paulo Gazzaniga;ar;Tottenham;512;28;196;90;Goalkeeper;GK;18;1;1612;6.65;0;0;1;0;0.0;0.3;1;59.4;0.1;0.0;0.1;0.0;0.0;25.3;0.0;4.2;0.0;0.0;0.1;0.1;0.4;0.0;0;0.17;1.8;1.2;3.2
174;Kieran Tierney;gb-sct;Arsenal;924;23;178;70;Defender;D_C,D_L,M_L;15;3;993;6.64;1;1;2;0;0.4;0.6;0;78.5;0.4;0.8;0.8;0.0;0.3;29.4;0.5;1.2;0.0;1.3;0.6;0.5;2.0;0.3;0;0.0;0.0;0.0;0.0
344;Kenny McLean;gb-sct;Norwich;193;28;183;70;Midfielder;M_C;37;5;2966;6.64;1;1;5;0;0.8;2.6;0;79.4;0.6;0.8;1.6;0.0;1.0;45.4;0.3;2.2;0.1;1.2;1.0;0.6;1.7;0.8;0;0.0;0.0;0.0;0.0
119;Neco Williams;gb-wls;Liverpool;339;19;0;0;Defender;D_R;6;3;231;6.64;0;0;1;0;1.2;1.0;0;80.8;0.3;1.0;0.3;0.0;0.2;27.8;0.7;1.8;0.2;0.8;1.5;0.8;0.5;0.2;0;0.0;0.0;0.0;0.0
487;Héctor Bellerín;es;Arsenal;924;25;178;74;Defender;D_R,M_R;15;2;1159;6.64;1;0;2;0;0.5;0.9;1;82.1;0.2;1.2;0.2;0.1;0.8;38.0;0.1;0.9;0.0;1.3;1.3;1.0;1.6;1.2;0;0.0;0.0;0.0;0.0
310;Paul Dummett;gb-wls;Newcastle;719;29;183;82;Defender;D_C,D_L;16;2;1229;6.64;0;0;2;0;0.1;1.8;0;71.7;0.2;0.1;0.4;0.0;0.1;28.1;0.1;1.6;0.0;1.7;1.4;0.2;3.8;0.4;1;0.0;0.0;0.0;0.0
248;Erik Lamela;ar;Tottenham;512;28;181;79;Midfielder;AM_C,AM_L,AM_R;25;13;1212;6.64;2;1;3;0;1.2;0.2;0;83.7;0.7;1.2;1.0;0.0;1.7;21.6;0.3;0.7;0.1;1.0;0.3;1.2;0.4;0.8;0;0.0;0.0;0.0;0.0
547;Nacho Monreal;es;Arsenal;924;34;179;72;Defender;D_C,D_L,M_L;3;0;270;6.64;0;0;0;0;0.3;2.3;0;87.6;1.0;0.7;0.3;0.7;0.3;59.0;0.0;1.3;0.0;0.3;1.0;0.3;3.3;0.7;0;0.0;0.0;0.0;0.0
536;Craig Cathcart;gb-nir;Watford;465;31;188;73;Defender;D_C,D_R;29;1;2490;6.63;0;0;7;0;0.1;2.3;0;80.6;0.1;0.1;0.1;0.0;0.1;31.5;0.0;2.3;0.0;1.4;0.9;0.4;4.6;0.5;0;0.0;0.0;0.0;0.0
503;Ainsley Maitland-Niles;gb-eng;Arsenal;924;23;177;71;Midfielder;D_L,D_R,M_C,M_L,M_R;20;5;1383;6.63;0;2;4;1;0.2;0.8;1;81.9;0.6;1.0;0.6;0.0;0.9;42.0;0.3;1.8;0.0;2.0;1.4;0.8;1.6;1.0;0;0.0;0.0;0.0;0.0
727;Kelechi Iheanacho;ng;Leicester;652;23;185;82;Forward;AM_C,FW;20;8;963;6.63;5;3;1;0;1.8;0.2;0;80.9;0.8;0.8;0.6;0.4;1.0;13.4;0.0;0.3;0.1;0.2;0.2;1.2;0.4;0.4;0;0.0;0.0;0.0;0.0
382;Alex Oxlade Chamberlain;gb-eng;Liverpool;339;27;180;70;Midfielder;M_C,M_L,M_R;30;13;1493;6.63;4;1;1;0;1.3;0.5;1;83.2;0.6;1.0;0.5;0.1;0.8;23.4;0.2;1.4;0.0;0.6;0.7;0.6;0.3;0.5;1;0.0;0.0;0.0;0.0
210;Tyrone Mings;gb-eng;Aston Villa;134;27;196;77;Defender;D_C,D_L;33;0;2903;6.63;2;2;7;0;0.2;2.0;0;78.0;0.2;0.4;0.3;0.1;0.2;41.9;0.0;3.5;0.0;0.5;0.9;0.6;5.7;0.1;0;0.0;0.0;0.0;0.0
889;Douglas Luiz;br;Aston Villa;134;22;175;66;Midfielder;M_C;36;8;2608;6.63;3;2;8;0;1.1;0.8;0;82.6;0.5;0.9;1.0;0.0;0.6;33.6;0.2;2.6;0.0;1.3;1.0;1.4;1.3;1.3;0;0.0;0.0;0.0;0.0
584;Rui Patrício;pt;Wolves;518;32;190;84;Goalkeeper;GK;38;0;3420;6.63;0;0;0;0;0.0;0.3;0;59.9;0.0;0.0;0.2;0.0;0.0;19.4;0.0;7.3;0.0;0.0;0.1;0.0;0.3;0.1;0;0.18;1.5;0.7;2.4
869;Will Hughes;gb-eng;Watford;465;25;185;74;Midfielder;M_C,M_R;30;3;2263;6.63;1;1;9;0;0.9;0.8;1;78.3;0.8;0.8;1.5;0.0;1.1;28.0;0.7;0.4;0.0;2.5;1.2;1.8;0.9;1.4;0;0.0;0.0;0.0;0.0
766;Jeffrey Schlupp;gh;Crystal Palace;521;27;178;72;Midfielder;D_L,M_C,M_L;17;6;1035;6.62;3;1;2;0;1.1;1.2;0;75.8;0.4;0.8;0.7;0.1;0.9;18.5;0.1;0.5;0.0;1.1;0.8;1.0;0.6;0.6;0;0.0;0.0;0.0;0.0
596;Issa Diop;fr;West Ham;928;23;194;92;Defender;D_C;32;1;2766;6.62;3;1;8;0;0.5;2.5;0;78.0;0.2;0.2;0.3;0.0;0.2;30.4;0.0;1.5;0.0;0.8;1.5;1.0;5.1;0.3;0;0.0;0.0;0.0;0.0
421;Jóhann Gudmundsson;is;Burnley;617;29;186;78;Midfielder;AM_C,AM_L,AM_R;12;6;623;6.62;1;1;0;0;0.8;0.6;0;73.8;1.1;0.4;0.3;0.1;0.4;13.3;1.3;0.7;0.0;0.3;0.6;0.8;0.5;0.6;0;0.0;0.0;0.0;0.0
302;Giovani Lo Celso;ar;Tottenham;512;24;177;68;Midfielder;M_C,M_R,FW;28;13;1489;6.62;0;2;6;0;0.6;0.3;0;85.0;1.0;1.1;1.6;0.0;1.1;34.5;0.4;1.5;0.1;1.8;0.3;1.0;0.6;1.7;0;0.0;0.0;0.0;0.0
234;Alisson;br;Liverpool;339;27;191;91;Goalkeeper;GK;29;0;2545;6.62;0;1;0;1;0.0;0.2;1;84.6;0.0;0.0;0.0;0.0;0.0;27.8;0.0;4.0;0.0;0.0;0.0;0.0;0.8;0.1;0;0.07;1.0;0.9;2.0
705;Lukasz Fabianski;pl;West Ham;928;35;190;83;Goalkeeper;GK;25;0;2119;6.62;0;0;1;0;0.0;0.5;0;50.9;0.0;0.0;0.1;0.0;0.0;22.9;0.0;8.0;0.0;0.1;0.0;0.0;0.8;0.1;0;0.08;1.7;1.1;2.9
358;Cédric Soares;pt;Arsenal;924;29;172;67;Defender;D_R,M_R;5;2;250;6.62;1;0;0;0;0.2;0.4;0;79.8;0.2;0.4;0.2;0.0;0.2;19.8;0.2;1.2;0.0;1.6;0.6;1.2;0.2;0.4;0;0.0;0.0;0.0;0.0
321;Ederson;br;Man City;875;27;188;86;Goalkeeper;GK;35;0;3072;6.62;0;0;3;1;0.0;0.4;0;86.0;0.0;0.0;0.1;0.0;0.0;25.7;0.0;3.5;0.0;0.1;0.1;0.1;0.7;0.1;0;0.2;1.2;0.5;1.9
104;Aaron Cresswell;gb-eng;West Ham;928;30;170;66;Defender;D_C,D_L,M_L;31;0;2730;6.62;3;0;7;0;0.5;1.5;0;74.6;0.8;0.4;0.5;0.1;0.3;40.4;0.8;2.2;0.0;1.4;1.1;0.5;1.9;0.7;0;0.0;0.0;0.0;0.0
955;Tim Krul;nl;Norwich;193;32;188;84;Goalkeeper;GK;36;0;3240;6.61;0;0;4;0;0.0;0.5;3;64.2;0.0;0.0;0.2;0.0;0.0;38.4;0.0;6.9;0.0;0.0;0.0;0.0;0.9;0.0;1;0.36;2.0;1.3;3.6
834;Daniel James;gb-wls;Man Utd;314;22;171;76;Midfielder;AM_L,AM_R,FW;33;7;2292;6.61;3;6;4;0;1.3;0.2;1;78.7;0.8;0.8;1.7;0.1;0.9;21.2;0.5;0.4;0.1;0.6;0.2;0.4;0.2;1.2;0;0.0;0.0;0.0;0.0
641;Steven Bergwijn;nl;Tottenham;512;22;178;78;Forward;AM_C,AM_L,AM_R,FW;14;6;705;6.61;3;1;2;0;0.6;0.5;0;86.1;0.9;0.6;0.7;0.0;0.7;17.4;0.3;0.0;0.0;0.7;0.1;0.5;0.4;0.6;0;0.0;0.0;0.0;0.0
530;Björn Engels;be;Aston Villa;134;26;193;83;Defender;D_C;17;2;1447;6.61;1;0;1;0;0.5;3.2;0;84.2;0.1;0.1;0.3;0.1;0.1;38.1;0.1;2.9;0.0;0.6;1.6;0.3;5.0;0.3;0;0.0;0.0;0.0;0.0
629;Jack Cork;gb-eng;Burnley;617;31;183;70;Midfielder;DMC;30;0;2618;6.61;0;0;1;0;0.6;1.9;0;77.9;0.4;0.9;0.8;0.0;1.2;30.8;0.0;1.6;0.0;1.2;0.9;1.1;1.5;1.7;0;0.0;0.0;0.0;0.0
365;Jack Robinson;gb-eng;Sheff Utd;967;27;168;64;Defender;D_C,D_L,M_L;6;0;505;6.6;0;0;0;0;0.0;2.3;0;78.7;0.3;0.3;0.7;0.2;0.2;41.5;0.2;2.3;0.0;1.7;1.3;0.7;3.7;0.8;0;0.0;0.0;0.0;0.0
289;Jack Stephens;gb-eng;Southampton;959;26;185;75;Defender;D_C;28;1;2453;6.6;1;3;4;1;0.2;1.8;1;72.4;0.3;0.2;0.5;0.0;0.1;45.6;0.0;3.6;0.1;1.6;1.1;0.5;4.1;0.8;0;0.0;0.0;0.0;0.0
731;Christoph Zimmermann;de;Norwich;193;27;194;92;Defender;D_C;17;1;1431;6.6;0;1;3;0;0.4;1.6;0;79.0;0.1;0.3;0.5;0.0;0.2;38.9;0.0;2.7;0.0;1.9;1.1;0.5;5.1;0.5;0;0.0;0.0;0.0;0.0
400;Andy Carroll;gb-eng;Newcastle;719;31;193;79;Forward;FW;19;15;618;6.6;0;4;1;0;0.8;4.7;0;61.1;0.6;0.3;0.7;0.3;0.6;10.9;0.1;0.4;0.0;0.3;0.1;0.9;1.3;0.3;0;0.0;0.0;0.0;0.0
937;Ryan Bertrand;gb-eng;Southampton;959;31;179;85;Defender;D_C,D_L,M_L;32;1;2744;6.6;1;1;3;1;0.6;1.8;0;76.0;0.9;0.3;1.0;0.0;0.7;38.4;1.1;1.3;0.1;1.5;1.2;0.8;0.9;1.0;0;0.0;0.0;0.0;0.0
258;Arthur Masuaku;cd;West Ham;928;26;179;70;Defender;D_L,M_L;17;7;935;6.6;0;1;4;1;0.3;0.7;1;80.3;0.4;1.6;0.5;0.0;1.1;29.6;0.3;1.0;0.0;2.4;0.8;0.6;1.3;0.9;0;0.0;0.0;0.0;0.0
285;Sebastian Prödl;at;Watford;465;33;194;92;Defender;D_C;1;0;57;6.59;0;0;0;0;2.0;3.0;0;54.5;0.0;0.0;0.0;0.0;0.0;11.0;0.0;0.0;0.0;0.0;0.0;1.0;4.0;0.0;0;0.0;0.0;0.0;0.0
795;Tariq Lamptey;gb-eng;Chelsea;625;19;0;0;Defender;M_R;1;1;31;6.59;0;0;0;0;0.0;0.0;0;100.0;1.0;0.0;1.0;0.0;0.0;7.0;0.0;0.0;0.0;2.0;0.0;0.0;0.0;0.0;0;0.0;0.0;0.0;0.0
486;Trézéguet;eg;Aston Villa;134;25;180;71;Midfielder;AM_L,AM_R;34;14;1951;6.59;6;1;2;1;1.5;0.9;2;75.2;0.6;0.9;0.9;0.2;0.6;10.7;0.3;0.3;0.0;1.1;0.7;1.0;0.4;1.0;0;0.0;0.0;0.0;0.0
139;Séamus Coleman;ie;Everton;715;31;177;67;Defender;D_R,M_R;27;6;1839;6.59;0;1;3;1;0.3;1.1;0;78.0;0.3;1.4;0.7;0.0;0.5;30.5;0.1;1.2;0.0;1.6;0.9;0.7;1.3;0.2;0;0.0;0.0;0.0;0.0
476;Javier Manquillo;es;Newcastle;719;26;178;76;Defender;D_L,D_R,M_R;21;3;1602;6.59;0;1;5;0;0.0;0.8;0;75.4;0.2;0.6;0.5;0.0;0.1;22.6;0.2;0.8;0.0;1.9;0.9;0.9;2.3;0.7;0;0.0;0.0;0.0;0.0
330;Todd Cantwell;gb-eng;Norwich;193;22;177;70;Midfielder;AM_L,AM_R;37;7;2504;6.59;6;2;6;0;1.1;0.5;0;81.9;0.9;1.3;1.8;0.1;1.3;28.8;0.0;0.8;0.0;1.4;0.5;0.9;0.8;1.3;0;0.0;0.0;0.0;0.0
733;Solly March;gb-eng;Brighton;241;26;180;88;Midfielder;M_C,M_L,M_R;19;8;1147;6.59;0;1;2;0;1.1;0.8;1;77.6;0.7;0.8;0.6;0.1;1.6;25.9;0.7;1.3;0.1;1.3;1.1;0.5;0.5;0.5;0;0.0;0.0;0.0;0.0
769;Jay Rodriguez;gb-eng;Burnley;617;31;185;84;Forward;AM_C,AM_L,AM_R,FW;36;16;2011;6.58;8;1;1;0;1.9;2.2;0;69.8;0.2;0.5;0.4;0.6;1.2;12.9;0.0;0.2;0.0;0.8;0.1;0.7;0.3;0.7;0;0.0;0.0;0.0;0.0
562;Rúben Vinagre;pt;Wolves;518;21;174;64;Defender;M_L;16;10;646;6.58;0;0;1;0;0.3;0.4;0;76.9;0.2;1.2;0.5;0.0;0.9;15.1;0.6;0.4;0.0;1.4;0.7;0.4;0.9;0.2;0;0.0;0.0;0.0;0.0
659;Wayne Hennessey;gb-wls;Crystal Palace;521;33;198;90;Goalkeeper;GK;3;0;270;6.58;0;0;0;0;0.0;0.0;0;44.3;0.0;0.0;0.0;0.0;0.0;32.3;0.0;11.7;0.0;0.0;0.3;0.0;1.7;0.0;0;0.67;2.7;1.7;5.0
588;David Luiz;br;Arsenal;924;33;189;84;Defender;D_C,DMC;33;1;2811;6.58;2;1;5;2;0.7;1.6;1;85.1;0.1;0.2;0.4;0.0;0.2;54.5;0.1;4.9;0.1;0.8;1.0;0.9;3.8;0.3;0;0.0;0.0;0.0;0.0
552;Jack Stacey;gb-eng;Bournemouth;235;24;180;62;Defender;D_R;19;2;1541;6.58;0;2;2;0;0.3;1.4;1;74.0;0.5;0.8;0.5;0.1;0.6;31.6;0.2;1.5;0.0;1.1;0.9;0.5;2.8;0.7;0;0.0;0.0;0.0;0.0
637;Christian Fuchs;at;Leicester;652;34;187;89;Defender;D_C,D_L,M_L;11;3;771;6.58;0;0;0;0;0.5;1.7;0;80.8;0.2;0.2;0.0;0.1;0.2;51.2;0.2;2.4;0.0;1.3;1.5;0.2;2.1;1.0;0;0.0;0.0;0.0;0.0
526;Tom Heaton;gb-eng;Aston Villa;134;34;188;85;Goalkeeper;GK;20;0;1795;6.57;0;0;0;0;0.0;0.4;0;52.2;0.0;0.0;0.1;0.0;0.0;26.4;0.0;6.0;0.0;0.2;0.0;0.0;0.6;0.0;1;0.3;2.0;1.1;3.4
433;Ryan Fraser;gb-sct;Bournemouth;235;26;163;70;Midfielder;M_C,M_L,M_R;28;7;2063;6.57;1;4;2;0;1.0;0.2;0;79.9;1.6;0.4;1.3;0.0;0.7;27.5;1.0;1.0;0.1;0.4;0.5;0.4;0.6;0.5;0;0.0;0.0;0.0;0.0
660;David de Gea;es;Man Utd;314;29;192;76;Goalkeeper;GK;38;0;3450;6.57;0;0;2;0;0.0;0.2;0;74.4;0.0;0.0;0.2;0.0;0.0;20.7;0.0;2.5;0.0;0.0;0.0;0.0;0.4;0.0;0;0.08;1.4;1.0;2.5
557;Maximilian Kilman;gb-eng;Wolves;518;23;0;0;Defender;D_C;3;1;184;6.57;0;0;0;0;0.0;3.7;0;76.5;0.0;0.3;0.0;0.0;0.3;32.7;0.0;0.3;0.0;1.3;1.3;0.7;2.3;0.0;0;0.0;0.0;0.0;0.0
945;Harry Winks;gb-eng;Tottenham;512;24;178;65;Midfielder;DMC;31;5;2230;6.57;0;0;9;0;0.5;0.5;0;90.3;0.6;0.5;0.7;0.0;0.5;54.6;0.2;2.5;0.1;1.3;1.2;0.8;1.0;1.2;0;0.0;0.0;0.0;0.0
171;James Milner;gb-eng;Liverpool;339;34;175;70;Midfielder;D_L,D_R,M_C,M_L,M_R;22;13;927;6.56;2;2;4;0;0.5;0.6;0;87.0;0.5;0.5;0.5;0.0;0.3;34.0;0.1;2.2;0.1;0.7;0.3;0.5;0.7;0.9;0;0.0;0.0;0.0;0.0
369;Alex Iwobi;ng;Everton;715;24;180;75;Forward;AM_C,AM_L,AM_R;25;6;1604;6.56;1;0;0;0;0.9;0.3;0;79.7;1.0;1.3;0.2;0.0;0.7;22.3;0.5;1.1;0.2;1.0;0.6;0.5;0.4;0.8;0;0.0;0.0;0.0;0.0
502;Bernard;br;Everton;715;28;166;57;Forward;AM_C,AM_L;27;12;1311;6.56;3;2;2;0;0.4;0.0;1;77.0;0.9;1.1;0.4;0.0;1.1;20.0;0.2;0.6;0.1;1.1;0.6;0.7;0.3;1.1;0;0.0;0.0;0.0;0.0
652;Adam Smith;gb-eng;Bournemouth;235;29;180;78;Defender;D_L,D_R,M_R;24;0;2060;6.56;0;1;7;0;0.2;1.5;0;79.5;0.4;1.0;1.7;0.1;0.6;35.0;0.2;1.1;0.0;2.0;1.0;1.0;2.0;1.1;0;0.0;0.0;0.0;0.0
712;Roberto Jiménez;es;West Ham;928;34;192;94;Goalkeeper;GK;8;1;686;6.56;0;0;0;0;0.0;0.5;0;42.4;0.0;0.0;0.1;0.0;0.0;25.4;0.0;6.1;0.0;0.0;0.0;0.0;1.2;0.0;1;0.25;2.5;1.6;4.4
612;Callum Hudson-Odoi;gb-eng;Chelsea;625;19;182;76;Forward;AM_L,AM_R;22;15;852;6.56;1;5;1;0;1.0;0.1;0;85.9;0.9;1.2;0.6;0.1;0.8;18.7;0.8;1.3;0.0;0.5;0.2;0.5;0.2;0.3;0;0.0;0.0;0.0;0.0
460;Andros Townsend;gb-eng;Crystal Palace;521;29;181;77;Midfielder;AM_L,AM_R,FW;24;10;1290;6.56;1;1;0;0;0.5;0.2;0;76.6;0.5;1.6;1.1;0.0;1.5;16.4;0.7;0.5;0.0;1.4;0.6;0.4;0.2;0.9;0;0.0;0.0;0.0;0.0
942;Nampalys Mendy;fr;Leicester;652;28;167;73;Midfielder;M_C;7;3;291;6.55;0;0;0;0;0.1;0.7;0;90.9;0.4;0.1;1.1;0.0;0.3;29.9;0.3;1.4;0.0;1.0;0.9;0.6;0.6;0.1;0;0.0;0.0;0.0;0.0
224;Marc Albrighton;gb-eng;Leicester;652;30;175;74;Midfielder;M_L,M_R;20;11;864;6.55;0;3;2;0;0.5;0.2;0;75.2;1.0;0.7;0.6;0.0;0.4;20.4;0.6;1.2;0.0;1.2;0.5;0.4;0.4;1.0;0;0.0;0.0;0.0;0.0
224;Marc Albrighton;gb-eng;Leicester;652;30;175;74;Midfielder;M_L,M_R;20;11;864;6.55;0;3;2;0;0.5;0.2;0;75.2;1.0;0.7;0.6;0.0;0.4;20.4;0.6;1.2;0.0;1.2;0.5;0.4;0.4;1.0;0;0.0;0.0;0.0;0.0
224;Marc Albrighton;gb-eng;Leicester;652;30;175;74;Midfielder;M_L,M_R;20;11;864;6.55;0;3;2;0;0.5;0.2;0;75.2;1.0;0.7;0.6;0.0;0.4;20.4;0.6;1.2;0.0;1.2;0.5;0.4;0.4;1.0;0;0.0;0.0;0.0;0.0
224;Marc Albrighton;gb-eng;Leicester;652;30;175;74;Midfielder;M_L,M_R;20;11;864;6.55;0;3;2;0;0.5;0.2;0;75.2;1.0;0.7;0.6;0.0;0.4;20.4;0.6;1.2;0.0;1.2;0.5;0.4;0.4;1.0;0;0.0;0.0;0.0;0.0
876;Oriol Romeu;es;Southampton;959;29;183;83;Midfielder;DMC;30;10;1860;6.55;0;0;5;0;0.3;1.4;0;80.7;0.6;0.4;0.5;0.0;0.1;35.9;0.1;1.5;0.0;1.8;1.1;1.3;1.0;1.6;0;0.0;0.0;0.0;0.0
176;Manuel Lanzini;ar;West Ham;928;27;167;59;Midfielder;AM_C,AM_L,AM_R;24;10;1378;6.55;0;2;1;0;1.0;0.2;1;86.9;1.3;1.4;1.1;0.2;0.7;31.5;0.6;1.0;0.0;0.6;0.4;0.2;0.1;1.3;0;0.0;0.0;0.0;0.0
704;Rob Holding;gb-eng;Arsenal;924;25;189;75;Defender;D_C,D_R;8;2;581;6.55;0;0;1;0;0.2;2.0;0;87.2;0.0;0.2;0.4;0.0;0.2;43.9;0.0;2.5;0.0;0.5;0.6;0.5;5.4;0.2;0;0.0;0.0;0.0;0.0
745;Ahmed El Mohamady;eg;Aston Villa;134;33;183;75;Defender;D_R,M_R;18;7;1027;6.55;1;1;1;0;0.3;1.7;1;79.7;1.2;0.4;0.3;0.1;0.1;27.7;1.1;1.8;0.0;1.1;0.7;0.7;1.2;0.6;0;0.0;0.0;0.0;0.0
528;Andreas Pereira;br;Man Utd;314;24;178;71;Midfielder;M_C,M_L,M_R;25;7;1490;6.55;1;3;3;0;1.5;0.4;0;78.3;1.3;0.8;0.6;0.1;1.6;28.0;0.4;1.2;0.0;1.0;0.3;1.1;0.2;1.2;0;0.0;0.0;0.0;0.0
794;Max Aarons;gb-eng;Norwich;193;20;178;69;Defender;D_R;36;0;3240;6.55;0;1;7;0;0.4;0.6;0;78.9;0.6;1.3;1.4;0.1;0.9;37.2;0.4;1.1;0.0;1.3;1.0;0.8;2.0;0.5;0;0.0;0.0;0.0;0.0
415;Jeff Hendrick;ie;Burnley;617;28;185;79;Midfielder;M_C,M_R;24;2;1935;6.55;2;2;8;0;0.9;1.1;0;75.6;0.6;0.9;0.7;0.2;1.2;22.7;0.3;0.8;0.0;0.8;0.8;0.7;0.6;0.8;0;0.0;0.0;0.0;0.0
372;Leandro Trossard;be;Brighton;241;25;172;61;Forward;AM_C,AM_L;31;9;2016;6.54;5;3;0;0;1.3;0.1;0;74.5;1.4;0.9;0.4;0.1;1.1;22.9;0.6;1.3;0.0;0.7;0.3;0.5;0.2;1.0;0;0.0;0.0;0.0;0.0
923;Anwar El Ghazi;nl;Aston Villa;134;25;188;90;Midfielder;AM_L,AM_R,FW;34;8;2062;6.54;4;4;3;0;1.5;0.9;0;72.4;0.9;0.9;0.5;0.4;1.0;14.1;0.8;0.4;0.0;0.6;0.4;0.6;0.4;0.5;0;0.0;0.0;0.0;0.0
866;Simon Francis;gb-eng;Bournemouth;235;35;183;90;Defender;D_C,D_R;15;5;965;6.54;0;0;3;1;0.2;3.2;0;75.6;0.3;0.3;0.1;0.0;0.1;34.7;0.2;2.0;0.0;0.9;1.3;0.5;4.4;0.7;0;0.0;0.0;0.0;0.0
995;Phil Jagielka;gb-eng;Sheff Utd;967;38;180;87;Defender;D_C,D_R;6;4;240;6.54;0;0;0;0;0.0;2.5;0;80.0;0.0;0.0;0.7;0.0;0.0;12.5;0.2;0.7;0.0;0.8;0.7;0.2;3.2;0.3;0;0.0;0.0;0.0;0.0
841;Teemu Pukki;fi;Norwich;193;30;180;80;Forward;AM_C,FW;36;3;2894;6.53;11;3;3;0;2.2;0.1;1;79.8;0.8;0.7;0.4;0.5;0.9;14.7;0.0;0.1;0.0;0.3;0.2;0.6;0.2;0.6;0;0.0;0.0;0.0;0.0
611;Leighton Baines;gb-eng;Everton;715;35;170;74;Defender;D_L,M_L;8;4;432;6.53;0;0;0;0;0.1;0.6;0;86.5;0.9;0.2;0.5;0.0;0.2;19.4;1.2;0.4;0.0;1.2;0.6;0.1;1.2;0.2;0;0.0;0.0;0.0;0.0
811;Kiko Femenía;es;Watford;465;29;176;61;Defender;D_L,D_R,M_R;28;2;2244;6.53;0;0;5;0;0.2;0.5;0;78.6;0.6;0.7;0.4;0.0;0.4;34.0;0.7;1.3;0.0;2.4;1.3;0.9;1.6;1.3;0;0.0;0.0;0.0;0.0
383;Sofiane Boufal;ma;Southampton;959;27;170;60;Midfielder;AM_C,AM_L,AM_R,FW;20;12;760;6.52;0;2;2;0;0.9;0.4;0;77.4;0.8;2.6;1.0;0.1;2.0;14.4;0.2;0.3;0.0;0.8;0.2;1.2;0.0;0.4;0;0.0;0.0;0.0;0.0
708;Lucas Torreira;uy;Arsenal;924;24;168;64;Midfielder;DMC;29;12;1510;6.52;1;1;7;0;0.7;0.4;0;87.8;0.5;0.6;1.5;0.0;0.3;31.1;0.1;1.2;0.0;1.1;1.2;0.8;0.8;0.8;0;0.0;0.0;0.0;0.0
229;Ben Foster;gb-eng;Watford;465;37;193;79;Goalkeeper;GK;38;0;3420;6.52;0;0;1;0;0.0;0.3;1;40.4;0.0;0.1;0.1;0.0;0.0;28.7;0.0;8.5;0.0;0.0;0.0;0.1;0.8;0.1;0;0.18;1.9;0.9;3.1
218;Harry Wilson;gb-wls;Bournemouth;235;23;173;70;Midfielder;AM_C,AM_L,AM_R;31;11;1654;6.52;7;0;2;0;1.8;0.2;0;76.0;0.5;0.5;1.3;0.0;0.7;18.5;0.1;1.4;0.1;0.7;0.4;0.4;0.4;0.7;0;0.0;0.0;0.0;0.0
261;Martín Montoya;es;Brighton;241;29;175;73;Defender;D_L,D_R,M_R;27;4;1901;6.52;0;1;5;0;0.3;0.8;1;76.5;0.8;0.4;0.6;0.1;0.4;37.2;0.5;1.8;0.0;2.1;0.9;1.0;1.1;1.0;0;0.0;0.0;0.0;0.0
533;Fabián Balbuena;py;West Ham;928;29;188;82;Defender;D_C;17;4;1176;6.51;1;0;2;0;0.6;3.2;0;71.6;0.1;0.1;0.1;0.0;0.1;29.6;0.0;2.1;0.0;1.0;1.5;0.4;4.2;0.9;0;0.0;0.0;0.0;0.0
667;Tom Trybull;de;Norwich;193;27;181;72;Midfielder;M_C;16;2;1139;6.51;0;0;2;0;0.7;1.5;0;92.0;0.2;0.4;0.7;0.1;0.4;38.4;0.0;1.7;0.0;2.4;1.0;1.6;2.0;2.8;0;0.0;0.0;0.0;0.0
560;Christian Eriksen;dk;Tottenham;512;28;182;76;Midfielder;M_C,M_L,M_R;20;10;1092;6.51;2;2;5;0;1.3;0.3;1;80.3;1.2;0.0;0.3;0.1;0.7;33.7;0.6;1.5;0.0;1.0;0.6;0.4;0.7;0.8;0;0.0;0.0;0.0;0.0
765;Andriy Yarmolenko;ua;West Ham;928;30;189;81;Forward;AM_R;23;13;990;6.51;5;1;2;0;1.1;0.2;1;80.6;0.8;0.4;0.4;0.3;0.5;17.5;0.2;1.0;0.0;0.6;0.3;0.7;0.2;0.7;0;0.0;0.0;0.0;0.0
513;Conor Coady;gb-eng;Wolves;518;27;185;73;Defender;D_C,D_R,DMC;38;0;3420;6.51;0;0;5;0;0.0;0.9;0;85.0;0.1;0.1;0.2;0.0;0.0;48.7;0.0;7.6;0.1;0.9;0.7;0.4;3.1;0.4;0;0.0;0.0;0.0;0.0
513;Conor Coady;gb-eng;Wolves;518;27;185;73;Defender;D_C,D_R,DMC;38;0;3420;6.51;0;0;5;0;0.0;0.9;0;85.0;0.1;0.1;0.2;0.0;0.0;48.7;0.0;7.6;0.1;0.9;0.7;0.4;3.1;0.4;0;0.0;0.0;0.0;0.0
513;Conor Coady;gb-eng;Wolves;518;27;185;73;Defender;D_C,D_R,DMC;38;0;3420;6.51;0;0;5;0;0.0;0.9;0;85.0;0.1;0.1;0.2;0.0;0.0;48.7;0.0;7.6;0.1;0.9;0.7;0.4;3.1;0.4;0;0.0;0.0;0.0;0.0
513;Conor Coady;gb-eng;Wolves;518;27;185;73;Defender;D_C,D_R,DMC;38;0;3420;6.51;0;0;5;0;0.0;0.9;0;85.0;0.1;0.1;0.2;0.0;0.0;48.7;0.0;7.6;0.1;0.9;0.7;0.4;3.1;0.4;0;0.0;0.0;0.0;0.0
164;Junior Stanislas;gb-eng;Bournemouth;235;30;183;76;Midfielder;M_C,M_L,M_R;15;8;712;6.51;3;0;1;0;1.2;0.5;0;76.6;0.8;0.7;0.3;0.1;0.5;17.4;0.5;0.3;0.1;0.7;0.3;0.3;0.3;0.3;0;0.0;0.0;0.0;0.0
529;Callum Wilson;gb-eng;Bournemouth;235;28;180;66;Forward;FW;35;3;2911;6.51;8;1;10;0;1.6;1.9;1;64.5;0.8;0.7;1.1;0.9;1.5;14.6;0.1;0.3;0.0;0.3;0.1;1.6;0.5;0.4;0;0.0;0.0;0.0;0.0
724;Alexander Tettey;no;Norwich;193;34;180;76;Midfielder;M_C;30;2;2352;6.51;1;1;5;0;0.8;1.2;0;88.1;0.2;0.5;0.2;0.0;0.3;43.1;0.0;1.6;0.0;0.8;1.4;0.7;2.2;0.9;0;0.0;0.0;0.0;0.0
983;Florian Lejeune;fr;Newcastle;719;29;189;89;Defender;D_C;6;2;441;6.51;2;0;0;0;0.7;1.7;0;69.0;0.2;0.7;0.7;0.0;0.3;32.8;0.0;2.3;0.0;1.3;1.7;1.0;2.2;0.5;0;0.0;0.0;0.0;0.0
681;Onel Hernández;cu;Norwich;193;27;172;76;Midfielder;AM_C,AM_L,AM_R,FW;26;12;1381;6.5;1;2;0;0;1.1;0.2;1;77.2;0.7;1.6;0.7;0.3;1.4;12.0;0.0;0.1;0.0;1.0;0.7;0.5;0.3;0.8;0;0.0;0.0;0.0;0.0
987;Pepe Reina;es;Aston Villa;134;38;188;92;Goalkeeper;GK;12;0;1080;6.5;0;0;1;0;0.0;0.6;1;67.0;0.1;0.0;0.3;0.0;0.0;28.8;0.0;8.4;0.0;0.0;0.0;0.1;1.0;0.2;0;0.08;1.9;0.8;2.8
618;Sead Kolasinac;ba;Arsenal;924;27;183;85;Defender;D_C,D_L,M_L;26;7;1700;6.5;0;2;4;0;0.2;1.1;1;85.6;0.4;0.6;0.6;0.2;0.4;34.6;0.2;0.8;0.0;1.1;1.0;0.8;1.3;0.4;0;0.0;0.0;0.0;0.0
413;Demarai Gray;gb-eng;Leicester;652;24;180;74;Midfielder;AM_C,AM_L,AM_R,FW;21;18;609;6.49;2;3;1;0;1.1;0.1;0;87.3;0.8;0.5;0.5;0.1;0.9;13.9;0.4;0.5;0.0;0.6;0.2;0.1;0.1;0.3;0;0.0;0.0;0.0;0.0
559;Daniel Podence;pt;Wolves;518;24;165;58;Midfielder;AM_C,AM_L,AM_R,FW;9;6;287;6.49;1;0;0;0;1.1;0.0;0;72.6;0.6;0.8;1.0;0.3;0.4;10.6;0.1;0.3;0.0;0.3;0.2;0.6;0.1;0.2;0;0.0;0.0;0.0;0.0
598;Danny Rose;gb-eng;Tottenham;512;30;173;72;Defender;D_L,M_L;12;2;895;6.49;0;0;5;0;0.2;0.8;0;80.0;0.9;0.8;1.4;0.0;0.4;39.2;0.7;1.0;0.0;1.5;0.7;1.2;2.5;0.9;0;0.0;0.0;0.0;0.0
974;Fabian Delph;gb-eng;Everton;715;30;174;60;Midfielder;D_L,M_C,M_L;16;3;1190;6.49;0;0;3;1;0.2;0.9;0;86.6;0.4;1.3;0.4;0.0;0.4;48.8;0.3;3.6;0.1;1.6;0.9;1.1;1.0;0.8;0;0.0;0.0;0.0;0.0
700;Moritz Leitner;de;Norwich;193;27;174;69;Midfielder;M_C,M_R;9;2;686;6.49;0;0;1;0;0.9;0.6;0;87.4;0.8;0.8;1.1;0.0;0.8;62.6;0.1;2.1;0.0;1.8;1.0;0.9;0.9;1.8;0;0.0;0.0;0.0;0.0
265;Bernardo;br;Brighton;241;25;186;76;Defender;D_L,D_R,M_L;14;7;678;6.48;0;0;1;0;0.5;2.2;1;73.6;0.3;0.6;0.2;0.3;0.8;23.6;0.2;0.9;0.0;1.9;0.4;0.2;1.4;0.3;0;0.0;0.0;0.0;0.0
225;Dwight Gayle;gb-eng;Newcastle;719;29;174;78;Forward;AM_L,FW;20;10;849;6.48;4;2;2;0;1.2;1.0;0;69.0;0.3;0.1;0.6;0.1;0.6;7.2;0.1;0.2;0.0;0.6;0.1;0.3;0.4;0.2;0;0.0;0.0;0.0;0.0
140;Pablo Fornals;es;West Ham;928;24;178;67;Midfielder;M_C,M_L,M_R;36;12;2179;6.48;2;5;3;0;1.0;0.3;1;78.8;0.5;0.4;0.4;0.2;0.7;23.4;0.3;1.1;0.0;1.3;0.7;0.5;0.2;1.2;0;0.0;0.0;0.0;0.0
221;Lys Mousset;fr;Sheff Utd;967;24;184;80;Forward;FW;30;19;1235;6.48;6;4;1;0;1.2;0.8;1;69.6;0.4;0.9;0.5;0.5;1.3;8.0;0.0;0.1;0.0;0.3;0.1;0.8;0.1;0.1;0;0.0;0.0;0.0;0.0
283;Marvelous Nakamba;zw;Aston Villa;134;26;178;71;Midfielder;DMC;29;10;1836;6.47;0;0;5;0;0.2;0.8;0;84.3;0.4;0.5;0.8;0.0;0.3;27.0;0.0;0.8;0.0;1.9;1.3;0.9;1.1;1.5;0;0.0;0.0;0.0;0.0
263;Matthew Longstaff;gb-eng;Newcastle;719;20;0;0;Midfielder;M_C;9;3;573;6.47;2;0;1;0;0.4;0.7;1;80.4;0.3;0.3;0.7;0.0;0.8;28.3;0.1;1.1;0.0;0.3;0.6;0.7;0.3;1.2;0;0.0;0.0;0.0;0.0
671;Cenk Tosun;tr;Crystal Palace;521;29;183;78;Forward;FW;5;3;176;6.47;1;0;0;0;0.8;1.2;1;70.0;0.2;1.2;0.8;0.2;1.0;8.0;0.0;0.2;0.0;0.4;0.0;0.8;0.2;0.4;0;0.0;0.0;0.0;0.0
737;Ezri Konsa;gb-eng;Aston Villa;134;22;183;77;Defender;D_C,D_R;25;1;2044;6.47;1;2;3;0;0.4;2.0;0;78.0;0.4;0.3;1.3;0.0;0.2;30.9;0.2;1.4;0.0;0.7;1.0;0.7;2.6;0.4;0;0.0;0.0;0.0;0.0
338;Curtis Jones;gb-eng;Liverpool;339;19;185;75;Midfielder;Midfielder;6;5;122;6.47;1;0;0;0;1.0;0.3;0;87.0;0.0;0.5;0.0;0.0;0.7;20.5;0.0;0.5;0.0;0.7;0.3;0.5;0.0;0.2;0;0.0;0.0;0.0;0.0
598;Danny Rose;gb-eng;Newcastle;719;30;173;72;Defender;D_L,M_L;11;1;865;6.47;0;0;2;0;0.0;0.9;0;78.5;0.3;0.5;2.1;0.0;0.1;33.4;0.2;0.7;0.0;1.9;0.9;1.0;1.0;0.8;0;0.0;0.0;0.0;0.0
496;Tom Davies;gb-eng;Everton;715;22;180;70;Midfielder;M_C;30;7;2057;6.47;1;0;8;0;0.6;1.2;0;77.5;0.2;0.7;1.3;0.0;0.7;29.3;0.1;1.6;0.0;1.3;1.2;1.0;0.9;1.3;0;0.0;0.0;0.0;0.0
859;Nabil Bentaleb;dz;Newcastle;719;25;187;78;Midfielder;M_C;12;4;749;6.46;0;0;2;0;0.3;1.2;0;85.7;0.7;0.7;0.4;0.0;0.2;33.8;0.0;2.1;0.0;1.9;1.6;1.6;0.8;1.5;0;0.0;0.0;0.0;0.0
627;Theo Walcott;gb-eng;Everton;715;31;176;68;Forward;M_C,M_L,M_R,FW;25;8;1297;6.46;2;3;1;0;1.2;0.3;1;68.9;0.8;0.7;0.7;0.4;0.9;14.2;0.4;0.1;0.2;0.5;0.3;0.4;0.0;0.5;0;0.0;0.0;0.0;0.0
797;Jamal Lewis;gb-nir;Norwich;193;22;178;70;Defender;D_L,M_L;28;3;2304;6.46;1;0;4;0;0.3;0.2;1;78.9;0.5;1.2;0.8;0.1;0.8;37.3;0.4;1.1;0.0;1.8;0.9;0.5;2.0;0.5;0;0.0;0.0;0.0;0.0
472;Ibrahim Amadou;fr;Norwich;193;27;183;81;Midfielder;D_C,DMC;11;3;757;6.46;0;0;1;0;0.5;1.5;1;87.0;0.1;0.2;0.2;0.0;0.3;33.5;0.1;1.4;0.0;1.6;1.5;0.7;5.0;0.7;0;0.0;0.0;0.0;0.0
585;Che Adams;gb-eng;Southampton;959;24;175;70;Forward;AM_C,AM_L,FW;30;18;1107;6.45;4;2;0;0;1.2;1.4;1;64.9;0.4;0.6;0.5;0.3;0.7;8.3;0.0;0.2;0.1;0.2;0.1;0.6;0.3;0.1;0;0.0;0.0;0.0;0.0
980;Pedro Neto;pt;Wolves;518;20;172;69;Forward;AM_L,AM_R;29;20;929;6.45;3;3;3;0;0.6;0.2;0;83.4;0.5;1.1;0.6;0.1;0.6;12.0;0.3;0.3;0.0;0.3;0.2;0.5;0.1;0.4;0;0.0;0.0;0.0;0.0
394;Ben Godfrey;gb-eng;Norwich;193;22;183;74;Defender;D_C;30;0;2646;6.45;0;0;3;1;0.5;2.2;0;87.9;0.1;0.3;0.3;0.0;0.1;55.3;0.0;3.2;0.0;0.7;0.8;0.5;4.9;0.3;1;0.0;0.0;0.0;0.0
927;Eric Bailly;ci;Man Utd;314;26;187;77;Defender;D_C,D_R;4;3;148;6.44;0;0;0;0;0.0;2.0;0;89.7;0.0;0.2;0.0;0.0;0.2;19.5;0.0;1.0;0.0;0.0;1.0;0.5;1.8;0.2;0;0.0;0.0;0.0;0.0
288;José Holebas;gr;Watford;465;36;184;77;Defender;D_L,M_L;14;3;1025;6.44;0;0;5;0;0.4;2.6;0;73.2;0.8;0.5;0.4;0.0;0.4;29.6;1.2;1.0;0.0;1.9;0.2;1.3;2.1;1.4;0;0.0;0.0;0.0;0.0
329;Alireza Jahanbakhsh;ir;Brighton;241;27;180;76;Forward;AM_C,AM_L,AM_R;10;7;308;6.44;2;0;0;0;1.2;0.0;0;75.0;0.4;0.8;0.7;0.1;0.6;11.2;0.0;0.3;0.1;0.8;0.3;0.2;0.1;0.2;0;0.0;0.0;0.0;0.0
165;David Martin;gb-eng;West Ham;928;34;185;85;Goalkeeper;GK;5;1;436;6.43;0;0;1;0;0.0;0.2;1;40.5;0.0;0.0;0.0;0.0;0.0;22.2;0.0;8.0;0.0;0.0;0.0;0.0;0.4;0.0;0;0.2;2.2;0.6;3.0
185;André Gomes;pt;Everton;715;27;188;84;Midfielder;M_C,M_L,M_R;19;2;1461;6.43;0;1;6;0;0.3;0.9;1;84.7;0.6;1.3;1.0;0.0;1.2;44.7;0.2;4.5;0.0;1.2;0.4;2.0;0.3;2.8;0;0.0;0.0;0.0;0.0
269;Dan Gosling;gb-eng;Bournemouth;235;30;183;79;Midfielder;M_C;24;10;1262;6.42;3;1;3;0;0.5;0.9;1;77.3;0.4;0.2;0.8;0.1;0.9;21.7;0.1;0.7;0.0;1.1;0.8;0.9;0.9;0.9;0;0.0;0.0;0.0;0.0
392;Mbwana Samatta;tz;Aston Villa;134;27;183;77;Forward;FW;14;3;946;6.42;1;0;1;0;1.2;3.0;0;68.0;0.7;0.6;1.3;0.6;0.9;12.3;0.1;0.4;0.0;0.4;0.1;0.6;0.4;0.5;0;0.0;0.0;0.0;0.0
792;Divock Origi;be;Liverpool;339;25;185;75;Forward;AM_L,AM_R,FW;28;21;706;6.42;4;1;1;0;0.5;0.6;0;70.9;0.3;0.4;0.6;0.0;0.4;7.0;0.1;0.2;0.0;0.4;0.1;0.4;0.2;0.2;0;0.0;0.0;0.0;0.0
230;Pablo Zabaleta;ar;West Ham;928;35;176;74;Defender;D_R,DMC,M_R;10;4;590;6.42;0;0;2;0;0.0;0.8;0;75.5;0.3;0.2;0.9;0.0;0.1;24.9;0.1;0.6;0.0;1.8;1.4;0.7;1.6;0.7;0;0.0;0.0;0.0;0.0
465;James McCarthy;ie;Crystal Palace;521;29;180;72;Midfielder;M_C;33;17;1673;6.42;0;0;9;0;0.4;0.5;0;77.8;0.5;0.2;0.5;0.0;0.3;23.7;0.3;1.6;0.0;2.5;0.7;0.9;0.3;1.1;0;0.0;0.0;0.0;0.0
600;Anthony Gordon;gb-eng;Everton;715;19;0;0;Forward;Forward;11;7;440;6.42;0;1;0;0;0.5;0.1;0;78.8;0.5;1.0;1.1;0.1;0.7;10.3;0.4;0.3;0.0;1.0;0.7;0.9;0.1;0.9;0;0.0;0.0;0.0;0.0
580;Morgan Schneiderlin;fr;Everton;715;30;181;75;Midfielder;DMC;15;3;1004;6.42;0;0;4;1;0.4;1.1;0;86.1;0.3;0.2;0.1;0.0;0.3;37.4;0.1;3.6;0.0;2.1;1.4;1.2;1.3;1.1;0;0.0;0.0;0.0;0.0
920;Neil Taylor;gb-wls;Aston Villa;134;31;176;64;Defender;D_L,M_L;14;3;1087;6.41;0;0;2;0;0.2;0.6;0;78.8;0.4;0.1;0.4;0.0;0.1;29.9;0.1;1.1;0.0;1.1;1.4;0.6;1.9;0.6;0;0.0;0.0;0.0;0.0
929;Ryan Bennett;gb-eng;Leicester;652;30;188;70;Defender;D_C;5;2;331;6.41;0;0;0;0;0.0;1.6;0;81.5;0.0;0.0;0.0;0.0;0.0;41.0;0.0;2.4;0.0;1.0;1.4;0.6;1.6;0.4;0;0.0;0.0;0.0;0.0
182;Dominic Solanke;gb-eng;Bournemouth;235;23;187;80;Forward;FW;32;15;1645;6.41;3;1;1;0;1.0;2.0;1;69.6;0.5;0.8;0.7;0.1;1.7;13.5;0.0;0.3;0.0;0.2;0.2;0.5;0.5;0.9;0;0.0;0.0;0.0;0.0
391;Nathaniel Chalobah;gb-eng;Watford;465;25;187;80;Midfielder;DMC;22;12;926;6.41;0;1;1;0;0.4;0.9;0;73.7;0.4;0.2;0.4;0.0;0.5;15.7;0.2;0.5;0.0;1.4;0.8;0.3;0.8;0.7;0;0.0;0.0;0.0;0.0
154;Gabriel Martinelli;br;Arsenal;924;19;180;75;Forward;AM_L;14;8;657;6.4;3;0;1;0;0.9;0.6;0;69.8;0.1;0.6;0.7;0.1;0.9;8.3;0.0;0.1;0.0;1.4;0.2;0.6;0.4;0.9;0;0.0;0.0;0.0;0.0
353;Eddie Nketiah;gb-eng;Arsenal;924;21;175;72;Forward;FW;13;6;633;6.4;2;0;0;1;1.2;0.5;0;75.0;0.4;0.8;0.8;0.2;1.2;10.8;0.0;0.2;0.0;0.5;0.2;1.2;0.4;0.3;0;0.0;0.0;0.0;0.0
293;Reiss Nelson;gb-eng;Arsenal;924;20;175;71;Forward;M_L,M_R;17;10;628;6.4;1;0;1;0;0.6;0.0;0;85.5;0.5;1.0;0.5;0.2;0.8;12.2;0.5;0.6;0.0;0.6;0.2;0.5;0.1;0.6;0;0.0;0.0;0.0;0.0
345;Jordan Pickford;gb-eng;Everton;715;26;185;77;Goalkeeper;GK;38;0;3450;6.4;0;0;2;0;0.0;0.3;0;60.1;0.0;0.0;0.2;0.0;0.0;31.2;0.0;7.7;0.0;0.0;0.1;0.0;0.6;0.1;0;0.18;1.4;0.8;2.5
872;Connor Wickham;gb-eng;Crystal Palace;521;27;191;90;Forward;AM_L,FW;6;6;92;6.4;1;1;0;0;0.5;1.7;0;58.7;0.5;0.3;0.0;0.2;0.3;7.7;0.0;0.3;0.0;0.2;0.2;0.7;0.0;0.0;0;0.0;0.0;0.0;0.0
514;Danny Welbeck;gb-eng;Watford;465;29;185;73;Forward;AM_C,AM_L,AM_R,FW;18;10;816;6.39;2;0;0;0;1.2;1.6;1;75.2;0.2;0.5;0.6;0.1;1.1;9.2;0.0;0.0;0.0;0.8;0.3;0.5;0.3;0.4;0;0.0;0.0;0.0;0.0
881;Ben Osborn;gb-eng;Sheff Utd;967;26;176;75;Midfielder;D_L,M_C,M_L,M_R;13;7;592;6.39;0;0;0;0;0.2;0.5;0;71.0;0.5;0.3;0.5;0.1;0.0;17.8;0.2;0.6;0.0;1.2;0.5;0.7;0.5;1.0;0;0.0;0.0;0.0;0.0
910;Claudio Bravo;cl;Man City;875;37;184;80;Goalkeeper;GK;4;1;346;6.39;0;0;0;0;0.0;0.2;0;76.5;0.0;0.2;0.0;0.0;0.0;29.8;0.0;5.5;0.0;0.0;0.0;0.0;0.8;0.0;0;0.0;0.8;1.2;2.0
571;Phil Jones;gb-eng;Man Utd;314;28;180;71;Defender;D_C,D_R,DMC;2;0;136;6.39;0;0;0;0;1.0;6.5;0;83.5;0.0;0.5;0.5;0.0;0.0;48.5;0.0;1.5;0.0;1.0;1.0;1.5;4.5;0.0;0;0.0;0.0;0.0;0.0
929;Ryan Bennett;gb-eng;Wolves;518;30;188;70;Defender;D_C;11;4;606;6.39;0;0;2;0;0.1;1.8;0;76.7;0.2;0.0;0.1;0.0;0.1;20.6;0.2;1.0;0.0;0.4;0.8;0.4;2.5;0.4;0;0.0;0.0;0.0;0.0
155;Dennis Praet;be;Leicester;652;26;181;78;Midfielder;AM_C;27;15;1135;6.39;1;2;2;0;0.6;0.2;0;85.0;0.3;0.4;0.5;0.0;0.6;19.3;0.1;0.8;0.0;1.2;0.6;0.7;0.4;0.7;0;0.0;0.0;0.0;0.0
121;Yan Valery;fr;Southampton;959;21;180;85;Defender;D_R,M_R;11;1;784;6.38;0;0;1;0;0.3;1.8;0;56.3;0.2;1.3;0.7;0.3;1.7;20.2;0.2;0.5;0.0;1.8;1.2;0.6;2.6;0.7;0;0.0;0.0;0.0;0.0
262;Tom Cleverley;gb-eng;Watford;465;31;175;67;Midfielder;M_C,M_L,M_R;18;7;967;6.38;1;0;2;0;0.9;0.5;0;83.3;0.8;0.4;0.6;0.0;0.2;23.9;0.3;0.9;0.0;1.6;0.6;0.9;0.8;1.5;0;0.0;0.0;0.0;0.0
252;Matej Vydra;cz;Burnley;617;28;180;71;Forward;AM_C,AM_L,FW;19;12;812;6.38;2;1;0;0;0.9;1.0;0;74.3;0.4;0.3;0.6;0.2;0.4;7.2;0.0;0.0;0.0;0.2;0.1;0.1;0.3;0.2;0;0.0;0.0;0.0;0.0
680;Wes Morgan;jm;Leicester;652;36;186;101;Defender;D_C;12;7;431;6.38;0;0;0;0;0.3;1.7;0;89.0;0.0;0.2;0.1;0.0;0.1;20.4;0.0;0.6;0.0;0.3;0.6;0.3;1.6;0.2;0;0.0;0.0;0.0;0.0
568;Nathan Holland;gb-eng;West Ham;928;22;178;70;Midfielder;AM_L;2;2;31;6.38;0;0;0;0;0.5;0.0;0;81.8;0.0;1.5;0.5;0.0;0.5;5.5;0.0;0.0;0.0;1.5;0.0;0.0;0.0;0.0;0;0.0;0.0;0.0;0.0
586;David Brooks;gb-wls;Bournemouth;235;23;173;62;Midfielder;AM_C,AM_R;9;1;513;6.37;1;0;1;0;0.7;0.0;0;73.9;0.7;1.3;0.7;0.0;0.8;17.0;0.7;0.4;0.0;0.6;0.2;0.4;0.1;1.3;0;0.0;0.0;0.0;0.0
684;Timm Klose;ch;Norwich;193;32;193;87;Defender;D_C;7;0;586;6.37;0;0;0;0;0.4;2.4;0;84.7;0.0;0.3;1.0;0.0;0.1;56.1;0.0;2.1;0.0;1.1;1.0;1.1;3.9;0.6;0;0.0;0.0;0.0;0.0
821;Sean Longstaff;gb-eng;Newcastle;719;22;180;65;Midfielder;M_C;23;9;1373;6.37;1;1;2;1;1.1;0.7;0;79.2;0.7;0.3;1.1;0.0;0.7;27.4;0.3;1.5;0.0;1.5;0.8;0.7;0.9;1.3;0;0.0;0.0;0.0;0.0
377;Aaron Connolly;ie;Brighton;241;20;0;0;Forward;FW;24;10;1266;6.37;3;1;0;0;1.6;0.8;1;77.4;0.2;0.2;1.6;0.6;0.8;6.1;0.0;0.0;0.0;0.3;0.0;0.7;0.1;0.3;0;0.0;0.0;0.0;0.0
802;Willy Caballero;ar;Chelsea;625;39;186;81;Goalkeeper;GK;5;0;450;6.37;0;0;0;0;0.0;0.4;0;72.8;0.0;0.0;0.0;0.0;0.0;29.4;0.0;6.2;0.0;0.0;0.0;0.0;0.8;0.0;0;0.0;1.4;0.6;2.0
619;William Smallbone;gb-eng;Southampton;959;20;0;0;Midfielder;Midfielder;9;5;394;6.36;0;2;0;0;0.7;0.3;0;84.0;0.3;0.0;0.7;0.0;0.2;22.9;0.1;1.3;0.0;1.1;0.1;0.2;0.1;0.6;0;0.0;0.0;0.0;0.0
166;Kepa Arrizabalaga;es;Chelsea;625;25;189;84;Goalkeeper;GK;33;0;2970;6.36;0;0;0;0;0.0;0.2;0;79.7;0.0;0.0;0.2;0.0;0.0;28.4;0.0;4.0;0.0;0.0;0.0;0.0;0.4;0.0;0;0.09;1.0;0.6;1.6
275;Hamza Choudhury;gb-eng;Leicester;652;22;178;64;Midfielder;DMC;20;10;889;6.35;1;1;2;1;0.4;0.6;0;86.1;0.2;0.2;0.4;0.0;0.2;24.8;0.0;1.0;0.0;0.8;1.2;0.6;0.6;1.1;0;0.0;0.0;0.0;0.0
368;Roberto Pereyra;ar;Watford;465;29;182;77;Midfielder;M_C,M_L,M_R,FW;28;11;1653;6.35;3;0;4;0;0.8;0.2;0;85.2;0.7;0.7;1.2;0.2;1.0;21.9;0.2;0.4;0.0;0.7;0.5;0.8;0.2;0.7;0;0.0;0.0;0.0;0.0
312;Michael McGovern;gb-nir;Norwich;193;36;191;89;Goalkeeper;GK;2;1;158;6.35;0;0;0;0;0.0;0.0;0;47.5;0.0;0.0;0.0;0.0;0.0;20.0;0.0;2.0;0.0;0.0;0.0;0.0;1.5;0.0;0;0.5;1.5;1.5;3.5
651;Tommy Doyle;;Man City;875;18;0;0;Midfielder;Midfielder;1;1;16;6.35;0;0;0;0;1.0;0.0;0;100.0;0.0;0.0;1.0;0.0;0.0;20.0;0.0;0.0;0.0;0.0;0.0;0.0;0.0;1.0;0;0.0;0.0;0.0;0.0
237;Billy Gilmour;gb-sct;Chelsea;625;19;166;60;Midfielder;M_C;6;4;192;6.35;0;0;0;0;0.2;0.3;0;90.1;0.7;0.3;0.2;0.0;0.5;28.7;0.0;1.5;0.0;0.8;0.5;0.5;0.3;0.3;0;0.0;0.0;0.0;0.0
698;Xherdan Shaqiri;ch;Liverpool;339;28;169;72;Midfielder;M_C,M_L,M_R;7;5;182;6.34;1;0;0;0;0.6;0.4;0;83.5;0.4;0.3;0.4;0.1;0.9;13.9;0.4;1.1;0.0;0.1;0.0;0.1;0.0;0.1;0;0.0;0.0;0.0;0.0
858;Michael Obafemi;ie;Southampton;959;20;169;71;Forward;FW;21;13;663;6.34;3;2;1;0;0.6;0.4;0;80.3;0.5;0.7;0.3;0.1;0.7;6.5;0.0;0.1;0.0;0.3;0.3;0.5;0.0;0.6;0;0.0;0.0;0.0;0.0
773;Adam Lallana;gb-eng;Liverpool;339;32;172;73;Midfielder;AM_C,AM_L,AM_R;15;12;374;6.34;1;1;1;0;0.3;0.3;0;85.7;0.3;0.1;0.5;0.1;0.3;17.7;0.0;0.3;0.0;1.3;0.3;0.5;0.1;1.0;0;0.0;0.0;0.0;0.0
949;Billy Sharp;gb-eng;Sheff Utd;967;34;175;70;Forward;FW;25;15;1048;6.34;3;2;1;1;0.6;0.8;0;74.1;0.6;0.6;1.3;0.4;1.2;8.5;0.0;0.1;0.0;0.2;0.0;0.8;0.1;0.2;0;0.0;0.0;0.0;0.0
443;Luke Freeman;gb-eng;Sheff Utd;967;28;181;64;Midfielder;AM_C,AM_L,AM_R;11;8;363;6.33;0;0;2;0;0.3;0.4;0;79.7;0.3;0.7;0.5;0.0;1.2;12.1;0.5;0.2;0.0;0.5;0.9;0.5;0.5;0.5;0;0.0;0.0;0.0;0.0
931;Adrián;es;Liverpool;339;33;190;80;Goalkeeper;GK;11;2;873;6.33;0;0;1;0;0.0;0.4;0;71.9;0.0;0.0;0.1;0.0;0.0;23.6;0.0;4.5;0.0;0.1;0.0;0.0;1.1;0.0;0;0.09;0.6;0.8;1.5
144;DeAndre Yedlin;us;Newcastle;719;27;172;75;Defender;D_R,M_R;16;6;937;6.33;1;0;3;0;0.1;0.5;0;74.4;0.4;0.1;0.6;0.1;0.3;15.4;0.4;0.8;0.0;1.1;0.6;0.5;1.0;0.5;0;0.0;0.0;0.0;0.0
541;Juan Mata;es;Man Utd;314;32;170;63;Midfielder;AM_C,AM_L,AM_R;19;11;783;6.33;0;2;1;0;0.5;0.1;0;87.0;0.9;0.3;0.5;0.2;0.4;26.8;0.4;1.1;0.1;0.4;0.0;0.4;0.1;0.2;0;0.0;0.0;0.0;0.0
831;Muhamed Besic;ba;Sheff Utd;967;28;180;80;Midfielder;DMC;9;7;245;6.33;0;0;2;0;0.4;0.6;0;79.2;0.1;0.8;0.2;0.0;0.2;11.8;0.0;0.7;0.0;0.9;0.1;0.7;0.7;0.3;0;0.0;0.0;0.0;0.0
430;Jake Vokins;gb-eng;Southampton;959;20;0;0;Defender;Defender;1;0;90;6.32;0;0;0;0;1.0;0.0;0;79.3;1.0;0.0;1.0;0.0;1.0;58.0;0.0;3.0;0.0;2.0;0.0;0.0;1.0;0.0;0;0.0;0.0;0.0;0.0
243;Jed Steer;gb-eng;Aston Villa;134;28;183;80;Goalkeeper;GK;1;0;8;6.32;0;0;0;0;0.0;0.0;0;50.0;0.0;0.0;0.0;0.0;0.0;2.0;0.0;0.0;0.0;0.0;0.0;0.0;0.0;0.0;0;0.0;0.0;0.0;0.0
754;Timothy Fosu-Mensah;nl;Man Utd;314;22;190;78;Defender;D_C,D_R;3;1;137;6.32;0;0;1;0;0.3;0.3;0;84.4;0.7;0.3;0.0;0.3;0.0;21.3;0.3;1.0;0.0;0.3;1.3;1.7;0.3;1.0;0;0.0;0.0;0.0;0.0
325;Moise Kean;it;Everton;715;20;183;67;Forward;FW;29;23;866;6.32;2;2;1;0;1.0;0.4;1;76.8;0.3;0.9;0.4;0.1;0.7;4.3;0.1;0.0;0.0;0.2;0.2;0.9;0.0;0.0;0;0.0;0.0;0.0;0.0
318;Ryan Sessegnon;gb-eng;Tottenham;512;20;178;70;Midfielder;D_L,M_L,M_R;6;2;343;6.32;0;0;0;0;0.2;1.0;0;77.4;0.3;0.7;0.3;0.3;0.2;26.5;0.2;0.7;0.0;1.0;0.5;0.7;1.7;0.5;0;0.0;0.0;0.0;0.0
991;Joseph Willock;gb-eng;Arsenal;924;21;179;71;Midfielder;M_C;29;21;849;6.31;1;1;2;0;0.5;0.3;0;82.8;0.4;0.7;0.4;0.0;0.6;11.8;0.1;0.4;0.0;0.9;0.1;0.3;0.3;0.4;0;0.0;0.0;0.0;0.0
922;Patrick Cutrone;it;Wolves;518;22;183;75;Forward;FW;12;9;295;6.31;2;0;0;0;0.9;0.7;0;69.5;0.2;0.2;0.8;0.3;0.8;4.9;0.1;0.0;0.0;0.3;0.2;0.4;0.1;0.3;0;0.0;0.0;0.0;0.0
200;Ki Sung-Yueng;kr;Newcastle;719;31;189;75;Midfielder;DMC;3;2;136;6.31;0;0;0;0;0.0;0.7;0;89.4;0.7;0.7;1.0;0.0;0.7;22.0;1.3;1.0;0.0;0.3;1.0;0.3;0.7;0.7;0;0.0;0.0;0.0;0.0
671;Cenk Tosun;tr;Everton;715;29;183;78;Forward;FW;5;3;290;6.31;1;0;0;0;2.2;1.2;0;67.2;0.8;0.2;0.8;0.2;0.6;11.6;0.0;0.4;0.0;0.4;0.0;0.8;0.2;0.2;0;0.0;0.0;0.0;0.0
371;Ruben Loftus-Cheek;gb-eng;Chelsea;625;24;191;88;Midfielder;M_C,M_L,M_R;7;5;205;6.31;0;1;0;0;0.6;0.3;0;90.2;0.1;0.6;0.4;0.0;0.6;18.9;0.0;0.7;0.1;0.0;0.3;0.3;0.3;0.3;0;0.0;0.0;0.0;0.0
336;Lewis Cook;gb-eng;Bournemouth;235;23;175;71;Midfielder;M_C,M_L;27;13;1346;6.31;0;0;5;0;0.3;0.4;0;78.8;0.4;0.9;0.4;0.0;0.7;26.7;0.0;1.6;0.1;1.0;0.6;0.9;0.6;1.4;0;0.0;0.0;0.0;0.0
757;Darren Randolph;ie;West Ham;928;33;188;98;Goalkeeper;GK;2;0;180;6.3;0;0;0;0;0.0;0.0;0;50.0;0.0;0.0;0.0;0.0;0.0;18.0;0.0;8.0;0.0;0.0;0.0;0.0;1.0;0.0;0;0.5;2.0;0.5;3.0
125;Jesse Lingard;gb-eng;Man Utd;314;27;175;62;Midfielder;AM_C,AM_L,AM_R;22;13;932;6.3;1;0;3;0;1.0;0.1;0;87.7;0.9;0.6;0.5;0.0;0.5;17.8;0.0;0.2;0.0;0.7;0.1;1.3;0.0;0.6;0;0.0;0.0;0.0;0.0
645;Emil Krafth;se;Newcastle;719;26;184;83;Defender;D_C,D_R;17;6;1017;6.3;0;1;0;0;0.2;0.5;0;77.2;0.1;0.2;0.4;0.0;0.2;19.4;0.1;0.6;0.0;1.1;0.5;0.2;2.4;0.6;0;0.0;0.0;0.0;0.0
388;Chicharito;mx;West Ham;928;32;175;73;Forward;FW;2;1;107;6.3;1;0;0;0;1.5;0.0;0;85.0;0.0;0.0;0.0;1.0;0.5;10.0;0.0;0.0;0.0;0.0;0.5;0.0;0.0;0.5;0;0.0;0.0;0.0;0.0
743;Robbie Brady;ie;Burnley;617;28;176;71;Midfielder;D_L,M_C,M_L,M_R;17;12;454;6.3;1;2;1;0;0.7;0.7;0;63.6;0.5;0.4;0.2;0.1;0.6;8.9;0.1;0.2;0.1;0.6;0.3;0.5;0.4;0.4;0;0.0;0.0;0.0;0.0
469;Arnaut Danjuma Groeneveld;nl;Bournemouth;235;23;178;74;Forward;AM_L;14;8;629;6.3;0;0;0;0;0.9;0.1;0;81.0;0.4;1.5;0.4;0.4;1.0;15.8;0.1;0.4;0.0;0.3;0.6;0.0;0.2;0.2;0;0.0;0.0;0.0;0.0
446;Emile Smith Rowe;gb-eng;Arsenal;924;20;182;79;Midfielder;AM_C;2;1;97;6.3;0;0;0;0;0.0;0.0;0;85.7;0.0;1.0;0.5;0.0;0.5;17.5;0.0;0.0;0.0;0.5;0.5;0.0;1.0;1.0;0;0.0;0.0;0.0;0.0
479;Christian Atsu;gh;Newcastle;719;28;165;65;Midfielder;AM_C,AM_L,AM_R;19;13;741;6.29;0;3;2;0;0.3;0.4;0;80.3;0.7;0.8;0.5;0.2;0.9;10.4;0.4;0.3;0.1;0.5;0.3;0.6;0.3;0.5;0;0.0;0.0;0.0;0.0
111;Florin Andone;ro;Brighton;241;27;180;78;Forward;FW;3;2;72;6.29;1;0;0;1;0.3;1.3;0;58.3;0.3;0.7;1.0;0.0;0.3;4.0;0.0;0.0;0.0;0.3;0.0;0.7;0.3;0.0;0;0.0;0.0;0.0;0.0
542;Nathan Tella;;Southampton;959;21;0;0;Midfielder;Midfielder;1;1;2;6.29;0;0;0;0;1.0;1.0;0;0.0;0.0;0.0;1.0;0.0;0.0;1.0;0.0;0.0;0.0;0.0;0.0;0.0;0.0;0.0;0;0.0;0.0;0.0;0.0
151;Jairo Riedewald;nl;Crystal Palace;521;24;182;79;Midfielder;D_C,D_L,DMC;17;10;765;6.29;0;0;0;0;0.2;0.2;0;75.7;0.1;0.5;0.1;0.0;0.4;19.4;0.1;0.9;0.0;0.8;1.0;0.2;1.1;0.2;0;0.0;0.0;0.0;0.0
873;Jürgen Locadia;nl;Brighton;241;26;187;88;Forward;AM_L,AM_R,FW;2;1;86;6.27;0;0;0;0;1.0;1.0;0;52.6;0.0;0.5;1.0;0.0;1.0;9.5;0.0;0.0;0.0;0.0;0.0;0.0;0.0;0.0;0;0.0;0.0;0.0;0.0
626;Callum Robinson;ie;Sheff Utd;967;25;178;75;Forward;AM_C,AM_L,AM_R,FW;16;7;676;6.27;1;1;1;0;0.8;0.2;0;84.1;0.2;0.3;0.2;0.1;1.1;8.6;0.2;0.2;0.0;0.4;0.4;0.7;0.2;0.3;0;0.0;0.0;0.0;0.0
665;Adrian Mariappa;jm;Watford;465;33;180;78;Defender;D_C,D_R;20;5;1509;6.25;0;0;4;1;0.2;2.1;0;73.2;0.2;0.0;0.4;0.1;0.2;23.1;0.2;1.2;0.0;1.0;0.6;1.0;3.4;1.0;1;0.0;0.0;0.0;0.0
401;Jota;es;Aston Villa;134;29;180;70;Midfielder;AM_C,AM_L,AM_R;10;6;334;6.25;0;1;0;0;0.6;0.1;0;78.5;0.4;0.7;0.2;0.0;1.3;9.3;0.0;0.6;0.2;0.3;0.3;0.6;0.5;0.3;0;0.0;0.0;0.0;0.0
885;Glenn Murray;gb-eng;Brighton;241;37;183;80;Forward;FW;23;16;790;6.25;1;1;0;0;0.8;1.7;0;61.7;0.1;0.0;0.7;0.4;0.7;7.3;0.0;0.0;0.0;0.2;0.0;0.7;0.5;0.3;0;0.0;0.0;0.0;0.0
565;Mamadou Sakho;fr;Crystal Palace;521;30;187;83;Defender;D_C;14;3;932;6.24;0;0;1;1;0.0;1.2;0;87.7;0.1;0.3;0.1;0.0;0.4;38.4;0.0;2.0;0.0;0.5;1.4;0.2;3.1;0.2;0;0.0;0.0;0.0;0.0
398;Ezequiel Schelotto;it;Brighton;241;31;187;77;Defender;D_R,M_L,M_R;9;4;363;6.24;0;0;2;0;0.4;0.7;0;68.6;0.0;0.6;0.4;0.1;0.7;13.4;0.1;0.3;0.0;0.4;0.8;0.8;1.4;0.7;0;0.0;0.0;0.0;0.0
452;Ignacio Pussetto;ar;Watford;465;24;180;74;Midfielder;AM_C,AM_L,AM_R,FW;7;7;68;6.24;0;0;1;0;0.0;0.1;0;58.6;0.0;0.3;0.3;0.0;0.3;4.1;0.1;0.3;0.0;1.0;0.4;0.4;0.4;0.7;0;0.0;0.0;0.0;0.0
532;Jordon Ibe;gb-eng;Bournemouth;235;24;176;81;Midfielder;M_C,M_L,M_R;2;2;48;6.23;0;0;0;0;0.0;0.0;0;82.4;0.0;0.5;1.0;0.0;0.5;8.5;0.5;0.0;0.0;1.0;0.0;0.0;0.5;0.0;0;0.0;0.0;0.0;0.0
296;Leroy Sané;de;Man City;875;24;184;75;Forward;M_C,M_L,M_R,FW;1;1;11;6.23;0;0;0;0;2.0;0.0;0;85.7;0.0;0.0;0.0;0.0;0.0;7.0;0.0;0.0;0.0;0.0;0.0;0.0;0.0;0.0;0;0.0;0.0;0.0;0.0
648;Keinan Davis;gb-eng;Aston Villa;134;22;191;68;Forward;FW;18;14;538;6.22;0;0;0;0;0.9;1.5;0;73.5;0.3;0.8;0.6;0.2;0.6;7.6;0.0;0.1;0.0;0.1;0.0;0.7;0.2;0.2;0;0.0;0.0;0.0;0.0
854;Marco Stiepermann;de;Norwich;193;29;190;86;Midfielder;D_L,M_C,M_L,M_R;24;10;1189;6.22;0;0;6;0;0.8;0.6;0;71.5;0.5;0.7;0.6;0.0;0.9;16.8;0.0;0.4;0.0;0.8;0.2;0.9;0.7;0.7;0;0.0;0.0;0.0;0.0
650;Alexis Mac Allister;ar;Brighton;241;21;174;72;Midfielder;M_C,M_L;9;5;352;6.22;0;0;0;0;0.8;0.3;0;75.5;0.6;0.2;0.4;0.1;0.8;10.9;0.3;0.2;0.0;1.0;0.1;0.4;0.1;0.4;0;0.0;0.0;0.0;0.0
663;Valentino Lazaro;at;Newcastle;719;24;180;75;Midfielder;D_R,M_C,M_L,M_R;13;9;474;6.21;1;0;0;1;0.3;0.2;0;82.9;0.5;0.6;0.2;0.0;0.5;13.1;0.3;0.6;0.0;1.0;0.2;0.2;0.2;0.5;0;0.0;0.0;0.0;0.0
511;Charlie Daniels;gb-eng;Bournemouth;235;34;178;75;Defender;D_L,M_L;2;0;127;6.2;0;0;0;0;0.0;1.0;0;75.7;1.0;0.0;0.0;0.0;0.5;18.5;1.0;1.5;0.0;0.5;0.5;0.0;2.0;0.5;0;0.0;0.0;0.0;0.0
351;Max Meyer;de;Crystal Palace;521;25;173;67;Midfielder;M_C,M_L,M_R,FW;17;11;652;6.2;0;0;1;0;0.5;0.1;0;78.1;0.2;0.4;0.9;0.1;0.9;11.8;0.1;0.2;0.0;1.1;0.4;0.4;0.1;0.6;0;0.0;0.0;0.0;0.0
405;Patrick Roberts;gb-eng;Norwich;193;23;168;58;Midfielder;AM_C,AM_R;3;3;24;6.2;0;0;0;0;0.0;0.0;0;66.7;0.0;1.3;0.7;0.0;0.0;3.0;0.0;0.3;0.0;0.0;0.0;0.3;0.0;0.0;0;0.0;0.0;0.0;0.0
409;João Pedro;br;Watford;465;19;182;70;Forward;FW;3;3;22;6.19;0;0;0;0;0.3;0.7;0;77.8;0.0;1.0;0.0;0.0;0.7;3.0;0.3;0.0;0.0;0.0;0.0;0.3;0.0;0.0;0;0.0;0.0;0.0;0.0
477;Lukas Rupp;de;Norwich;193;29;178;73;Midfielder;M_C,M_R;12;4;699;6.19;0;0;1;0;0.3;0.4;0;76.2;0.7;0.3;0.5;0.0;1.5;22.1;0.0;0.3;0.1;1.2;1.2;0.8;0.2;1.0;0;0.0;0.0;0.0;0.0
950;Angus Gunn;gb-eng;Southampton;959;24;196;77;Goalkeeper;GK;10;0;900;6.18;0;0;0;0;0.0;0.2;0;37.7;0.0;0.0;0.2;0.0;0.0;23.1;0.0;4.3;0.0;0.1;0.0;0.0;0.3;0.2;0;0.2;1.8;1.0;3.0
719;Takumi Minamino;jp;Liverpool;339;25;174;68;Forward;AM_C,FW;10;8;243;6.18;0;0;0;0;0.8;0.3;0;89.6;0.1;0.4;0.3;0.0;0.5;10.6;0.1;0.2;0.0;0.3;0.0;0.7;0.3;0.8;0;0.0;0.0;0.0;0.0
664;George Hirst;gb-eng;Leicester;652;21;191;0;Forward;Forward;2;2;9;6.18;0;0;0;0;1.5;1.5;0;80.0;0.0;0.0;1.0;0.0;0.0;2.5;0.0;0.0;0.0;0.0;0.0;0.0;0.0;0.0;0;0.0;0.0;0.0;0.0
823;Diogo Dalot;pt;Man Utd;314;21;183;76;Defender;D_L,D_R,M_R;4;3;66;6.18;0;0;0;0;0.2;0.8;0;74.5;0.0;0.0;0.0;0.0;0.5;12.8;0.0;0.2;0.0;0.8;0.5;0.2;0.2;0.2;0;0.0;0.0;0.0;0.0
147;Mario Vrancic;ba;Norwich;193;31;187;78;Midfielder;M_C,M_L;20;14;630;6.17;1;0;3;0;0.7;0.4;0;78.3;0.4;0.2;0.6;0.0;0.5;22.6;0.0;0.8;0.0;1.4;0.5;0.6;0.2;0.6;0;0.0;0.0;0.0;0.0
729;Henrikh Mkhitaryan;am;Arsenal;924;31;177;75;Midfielder;M_C,M_L,M_R,FW;3;2;111;6.17;0;0;1;0;0.7;0.7;0;79.7;0.7;0.7;0.7;0.3;1.0;23.0;0.0;0.3;0.3;0.0;0.0;0.7;0.3;0.7;0;0.0;0.0;0.0;0.0
961;Faustino Anjorin;;Chelsea;625;18;185;73;Midfielder;Midfielder;1;1;19;6.16;0;0;0;0;1.0;0.0;0;100.0;0.0;1.0;1.0;0.0;1.0;7.0;0.0;0.0;0.0;0.0;0.0;0.0;0.0;0.0;0;0.0;0.0;0.0;0.0
454;Andre Gray;gb-eng;Watford;465;29;178;83;Forward;FW;23;16;747;6.15;2;0;1;0;0.8;0.7;0;65.3;0.4;0.3;0.0;0.3;0.6;6.5;0.0;0.2;0.0;0.2;0.0;0.4;0.1;0.1;0;0.0;0.0;0.0;0.0
411;Tyrick Mitchell;gb-eng;Crystal Palace;521;21;0;0;Defender;Defender;4;2;193;6.15;0;0;1;0;0.0;0.0;0;79.8;1.0;0.2;0.2;0.0;0.8;23.5;0.8;0.8;0.0;1.2;0.5;0.2;0.2;1.5;0;0.0;0.0;0.0;0.0
768;Jack Simpson;gb-eng;Bournemouth;235;23;178;83;Defender;D_C;4;3;238;6.15;0;0;0;0;0.2;1.0;0;69.9;0.2;1.0;0.2;0.0;0.5;23.2;0.0;0.2;0.0;1.2;0.5;0.2;3.0;1.5;0;0.0;0.0;0.0;0.0
787;Jack Rodwell;gb-eng;Sheff Utd;967;29;188;80;Midfielder;D_C,M_C;1;1;16;6.14;0;0;0;0;0.0;0.0;0;100.0;0.0;0.0;0.0;0.0;0.0;2.0;0.0;0.0;0.0;0.0;0.0;0.0;1.0;0.0;0;0.0;0.0;0.0;0.0
977;Carlos Sánchez;co;West Ham;928;34;182;80;Midfielder;D_C,M_C;6;5;113;6.14;0;0;0;0;0.0;0.3;0;81.4;0.0;0.2;0.0;0.0;0.2;9.8;0.0;0.7;0.0;0.2;0.3;0.3;0.2;0.0;0;0.0;0.0;0.0;0.0
654;Jesús Vallejo;es;Wolves;518;23;184;79;Defender;D_C;2;1;162;6.14;0;0;1;0;0.0;2.5;0;77.1;0.0;0.5;0.5;0.0;0.5;59.0;0.5;4.0;0.0;0.5;1.0;1.0;3.5;0.5;0;0.0;0.0;0.0;0.0
236;Kevin Danso;at;Southampton;959;22;190;89;Defender;D_C;6;3;278;6.13;0;1;0;1;0.2;1.2;0;74.0;0.3;0.5;0.3;0.0;0.2;21.8;0.0;0.7;0.0;1.0;0.3;0.7;1.2;0.5;0;0.0;0.0;0.0;0.0
807;Lloyd Kelly;gb-eng;Bournemouth;235;21;178;70;Defender;D_C,D_L;8;1;638;6.13;0;0;2;0;0.1;1.4;0;80.1;0.2;0.2;0.2;0.0;0.4;25.1;0.1;1.2;0.0;0.9;0.8;0.9;1.9;0.1;0;0.0;0.0;0.0;0.0
800;Marcos Rojo;ar;Man Utd;314;30;187;85;Defender;D_C,D_L;3;2;122;6.13;0;0;1;0;0.3;0.7;0;69.6;0.0;0.0;0.3;0.0;0.0;15.3;0.0;0.0;0.0;1.0;0.0;0.7;2.0;0.3;0;0.0;0.0;0.0;0.0
361;Gedson Fernandes;pt;Tottenham;512;21;182;71;Midfielder;AM_C,AM_R;7;7;63;6.12;0;0;0;0;0.1;0.0;0;84.6;0.3;0.3;0.3;0.0;0.0;5.6;0.3;0.0;0.0;0.3;0.1;0.0;0.0;0.3;0;0.0;0.0;0.0;0.0
914;Maya Yoshida;jp;Southampton;959;32;189;78;Defender;D_C,D_R;8;2;558;6.12;0;0;1;0;0.6;1.8;0;79.0;0.0;0.1;0.6;0.0;0.2;33.4;0.0;1.9;0.0;1.0;0.5;0.4;3.1;0.5;0;0.0;0.0;0.0;0.0
253;Odion Ighalo;ng;Man Utd;314;31;181;73;Forward;AM_C,FW;11;11;122;6.11;0;0;0;0;0.6;0.0;0;88.0;0.2;0.3;0.1;0.1;0.4;2.3;0.0;0.0;0.0;0.2;0.0;0.1;0.0;0.2;0;0.0;0.0;0.0;0.0
666;Michy Batshuayi;be;Chelsea;625;26;184;74;Forward;FW;16;15;226;6.1;1;1;0;0;0.9;0.4;0;82.1;0.2;0.2;0.2;0.4;0.2;4.9;0.0;0.0;0.0;0.2;0.0;0.2;0.1;0.3;0;0.0;0.0;0.0;0.0
628;Morgan Gibbs-White;gb-eng;Wolves;518;20;171;0;Midfielder;AM_C;7;6;126;6.1;0;0;0;0;0.3;0.6;0;79.7;0.4;0.1;0.1;0.0;0.0;11.3;0.0;0.3;0.0;0.0;0.3;0.3;0.0;0.0;0;0.0;0.0;0.0;0.0
965;Brandon Pierrick;;Crystal Palace;521;18;0;0;Forward;Forward;2;2;13;6.1;0;0;0;0;0.0;0.0;0;71.4;1.0;0.0;0.0;0.0;0.5;3.5;0.0;0.0;0.0;0.0;0.0;0.0;0.5;0.0;0;0.0;0.0;0.0;0.0
484;Harvey Elliott;gb-eng;Liverpool;339;17;170;0;Midfielder;AM_R;2;2;7;6.1;0;0;0;0;0.0;0.0;0;90.9;0.0;0.5;0.0;0.0;0.0;5.5;0.0;0.5;0.0;0.0;0.0;0.0;0.0;0.0;0;0.0;0.0;0.0;0.0
575;Angel Gomes;gb-eng;Man Utd;314;20;161;61;Midfielder;Midfielder;2;2;19;6.09;0;0;0;0;0.0;0.0;0;84.6;1.0;0.0;0.0;0.0;0.0;6.5;0.0;1.0;0.5;0.0;0.0;0.5;0.0;0.0;0;0.0;0.0;0.0;0.0
232;Bruno Jordão;pt;Wolves;518;21;180;73;Midfielder;Midfielder;1;1;6;6.09;0;0;0;0;0.0;0.0;0;66.7;1.0;0.0;0.0;0.0;0.0;6.0;0.0;0.0;0.0;0.0;0.0;0.0;0.0;0.0;0;0.0;0.0;0.0;0.0
973;Oliver Skipp;gb-eng;Tottenham;512;20;175;70;Midfielder;DMC;7;6;76;6.09;0;0;0;0;0.0;0.0;0;89.5;0.0;0.0;0.0;0.0;0.1;5.4;0.0;0.3;0.0;0.3;0.0;0.1;0.0;0.4;0;0.0;0.0;0.0;0.0
805;Ralf Fährmann;de;Norwich;193;32;197;98;Goalkeeper;GK;1;0;22;6.08;0;0;0;0;0.0;0.0;0;62.5;0.0;0.0;0.0;0.0;0.0;8.0;0.0;0.0;0.0;0.0;0.0;0.0;0.0;0.0;0;0.0;0.0;1.0;1.0
972;Aaron Lennon;gb-eng;Burnley;617;33;165;63;Midfielder;M_L,M_R;16;12;486;6.08;0;0;4;0;0.1;0.1;0;69.5;0.1;0.2;0.4;0.0;0.2;7.4;0.1;0.1;0.0;0.9;0.5;0.6;0.2;0.2;0;0.0;0.0;0.0;0.0
199;Domingos Quina;pt;Watford;465;20;179;72;Midfielder;DMC;4;4;18;6.08;0;0;0;0;0.2;0.0;0;100.0;0.0;0.2;0.2;0.0;0.2;2.5;0.0;0.0;0.0;0.5;0.0;0.2;0.0;0.2;0;0.0;0.0;0.0;0.0
524;Gaëtan Bong;cm;Brighton;241;32;187;74;Defender;D_L;4;4;57;6.07;0;0;0;0;0.0;0.0;0;81.5;0.5;0.2;0.2;0.0;0.2;6.8;0.2;0.2;0.0;0.2;0.0;0.0;0.0;0.0;0;0.0;0.0;0.0;0.0
233;Georges-Kévin Nkoudou;fr;Tottenham;512;25;172;75;Midfielder;AM_L,AM_R;1;1;2;6.07;0;0;0;0;1.0;0.0;0;0.0;0.0;0.0;0.0;0.0;0.0;0.0;0.0;0.0;0.0;0.0;0.0;0.0;0.0;1.0;0;0.0;0.0;0.0;0.0
429;Dennis Srbeny;de;Norwich;193;26;189;85;Forward;FW;8;8;41;6.06;1;0;0;0;0.2;0.2;0;72.2;0.0;0.2;0.0;0.0;0.4;2.2;0.0;0.0;0.0;0.6;0.0;0.1;0.1;0.2;0;0.0;0.0;0.0;0.0
284;Juan Foyth;ar;Tottenham;512;22;179;69;Defender;D_C,D_R;4;3;67;6.05;0;0;1;0;0.0;0.8;0;82.1;0.2;0.5;0.2;0.0;0.2;14.0;0.0;0.5;0.0;1.8;0.2;0.5;0.5;0.2;0;0.0;0.0;0.0;0.0
906;Ørjan Nyland;no;Aston Villa;134;30;192;90;Goalkeeper;GK;7;2;537;6.05;0;0;0;0;0.0;0.0;0;52.6;0.0;0.0;0.0;0.0;0.0;21.7;0.0;5.0;0.0;0.0;0.0;0.0;0.3;0.0;0;0.29;0.7;1.1;2.1
309;Yoshinori Muto;jp;Newcastle;719;28;178;72;Forward;FW;8;6;208;6.04;0;0;0;0;0.1;0.1;0;84.4;0.1;0.6;0.4;0.4;0.2;4.0;0.0;0.0;0.0;0.4;0.0;0.2;0.0;0.1;0;0.0;0.0;0.0;0.0
167;Indiana Vassilev;us;Aston Villa;134;19;173;72;Forward;Forward;4;4;47;6.04;0;0;0;0;0.2;0.0;0;63.6;0.0;0.2;0.2;0.5;0.5;2.8;0.0;0.0;0.0;0.0;0.0;0.0;0.0;0.0;0;0.0;0.0;0.0;0.0
921;Josh Martin;;Norwich;193;19;0;0;Midfielder;Midfielder;5;5;32;6.03;0;0;0;0;0.2;0.0;0;80.0;0.0;0.0;0.0;0.0;0.0;3.0;0.0;0.2;0.0;0.2;0.2;0.2;0.0;0.0;0;0.0;0.0;0.0;0.0
314;Dimitri Foulquier;fr;Watford;465;27;183;72;Defender;D_L,D_R,M_R;3;2;58;6.03;0;0;0;0;0.0;0.0;0;80.0;0.0;0.7;0.0;0.0;0.0;3.3;0.0;0.3;0.0;0.3;0.7;0.0;0.7;0.0;0;0.0;0.0;0.0;0.0
106;Sam Surridge;gb-eng;Bournemouth;235;22;191;77;Forward;FW;4;4;26;6.03;0;0;0;0;0.5;1.0;0;55.6;0.2;0.2;0.2;0.0;0.2;2.2;0.0;0.0;0.0;0.0;0.2;0.5;0.0;0.0;0;0.0;0.0;0.0;0.0
721;Josip Drmic;ch;Norwich;193;28;183;81;Forward;AM_L,AM_R,FW;21;16;642;6.03;1;0;0;1;0.7;0.9;0;77.5;0.2;0.3;0.2;0.3;0.7;7.6;0.0;0.1;0.0;0.1;0.0;0.3;0.2;0.4;0;0.0;0.0;0.0;0.0
141;Armando Broja;;Chelsea;625;19;191;0;Forward;Forward;1;1;4;6.02;0;0;0;0;0.0;0.0;0;100.0;0.0;0.0;1.0;0.0;1.0;1.0;0.0;0.0;0.0;0.0;0.0;0.0;0.0;0.0;0;0.0;0.0;0.0;0.0
736;Tahith Chong;nl;Man Utd;314;20;185;75;Midfielder;Midfielder;3;3;34;6.02;0;0;0;0;0.3;0.0;0;64.3;0.0;0.3;0.3;0.0;0.3;4.7;0.0;0.0;0.0;0.0;0.0;0.7;0.0;0.0;0;0.0;0.0;0.0;0.0
516;Andrew Surman;za;Bournemouth;235;34;178;73;Midfielder;M_C,M_L;5;3;235;6.02;0;0;1;0;0.2;0.8;0;81.1;0.2;0.0;0.2;0.0;0.4;25.4;0.4;1.2;0.0;0.8;0.2;0.2;0.8;0.4;0;0.0;0.0;0.0;0.0
589;Henri Lansbury;gb-eng;Aston Villa;134;29;183;78;Midfielder;M_C;10;8;191;6.01;0;0;0;0;0.2;0.2;0;78.0;0.2;0.0;0.1;0.0;0.0;8.2;0.0;0.7;0.0;0.6;0.0;0.4;0.2;0.6;0;0.0;0.0;0.0;0.0
136;Matty James;gb-eng;Leicester;652;29;181;86;Midfielder;DMC;1;1;5;6.01;0;0;0;0;0.0;0.0;0;100.0;0.0;0.0;0.0;0.0;0.0;5.0;0.0;0.0;0.0;0.0;0.0;0.0;0.0;0.0;0;0.0;0.0;0.0;0.0
204;Troy Parrott;;Tottenham;512;18;185;73;Forward;Forward;2;2;6;6.01;0;0;0;0;0.0;0.0;0;100.0;0.0;0.0;0.0;0.0;0.0;2.0;0.0;0.0;0.0;0.0;0.0;0.0;0.0;0.0;0;0.0;0.0;0.0;0.0
505;Victor Wanyama;ke;Tottenham;512;29;188;80;Midfielder;DMC;2;2;24;6.01;0;0;1;0;0.0;0.5;0;89.5;0.0;0.5;0.5;0.0;0.0;9.5;0.0;0.5;0.0;0.0;0.0;0.5;0.0;0.0;0;0.0;0.0;0.0;0.0
695;Víctor Camarasa;es;Crystal Palace;521;26;183;76;Midfielder;M_C,M_R;1;1;5;6.01;0;0;0;0;0.0;0.0;0;100.0;0.0;0.0;0.0;0.0;0.0;3.0;0.0;0.0;0.0;0.0;0.0;0.0;0.0;0.0;0;0.0;0.0;0.0;0.0
647;Jack Wilshere;gb-eng;West Ham;928;28;172;68;Midfielder;M_C,M_L,M_R;8;6;212;6.01;0;0;0;0;0.0;0.8;0;82.7;0.0;0.1;1.0;0.0;1.1;9.4;0.0;0.1;0.0;0.1;0.1;0.1;0.0;0.5;0;0.0;0.0;0.0;0.0
830;Axel Tuanzebe;gb-eng;Man Utd;314;22;182;75;Defender;D_C,D_R;5;3;187;6.0;0;0;0;0;0.0;0.6;0;88.2;0.0;0.0;0.6;0.0;0.4;27.2;0.0;0.8;0.0;0.4;1.0;0.6;0.8;0.2;0;0.0;0.0;0.0;0.0
644;Jonathan Kodjia;ci;Aston Villa;134;30;191;77;Forward;AM_L,AM_R,FW;6;6;112;6.0;0;0;1;0;0.3;1.2;0;55.6;0.2;0.2;0.3;0.0;0.0;4.5;0.0;0.0;0.0;0.0;0.0;0.2;0.2;0.2;0;0.0;0.0;0.0;0.0
577;Akin Famewo;gb-eng;Norwich;193;21;187;66;Defender;Defender;1;1;1;6.0;0;0;0;0;0.0;0.0;0;0.0;0.0;0.0;0.0;0.0;0.0;0.0;0.0;0.0;0.0;0.0;0.0;0.0;0.0;0.0;0;0.0;0.0;0.0;0.0
474;James Garner;gb-eng;Man Utd;314;19;186;78;Midfielder;Midfielder;1;1;8;6.0;0;0;0;0;0.0;0.0;0;100.0;0.0;0.0;1.0;0.0;0.0;14.0;0.0;1.0;0.0;0.0;0.0;0.0;1.0;1.0;0;0.0;0.0;0.0;0.0
944;Jordan Thomas;gb-eng;Norwich;193;19;0;0;Defender;Defender;1;1;1;6.0;0;0;0;0;0.0;0.0;0;0.0;0.0;0.0;0.0;0.0;0.0;0.0;0.0;0.0;0.0;0.0;0.0;0.0;0.0;0.0;0;0.0;0.0;0.0;0.0
231;Kieron Freeman;gb-eng;Sheff Utd;967;28;178;79;Defender;D_R,M_R;2;2;6;5.98;0;0;0;0;0.0;0.0;0;100.0;0.0;0.0;0.0;0.0;0.0;0.5;0.0;0.0;0.0;0.0;0.0;0.5;0.0;0.0;0;0.0;0.0;0.0;0.0
219;Max Thompson;gb-eng;Burnley;617;18;0;0;Forward;Forward;1;1;2;5.98;0;0;0;0;0.0;0.0;0;0.0;0.0;0.0;0.0;0.0;0.0;0.0;0.0;0.0;0.0;0.0;0.0;0.0;0.0;0.0;0;0.0;0.0;0.0;0.0
850;Richairo Zivkovic;nl;Sheff Utd;967;24;187;73;Forward;AM_R,FW;5;5;107;5.98;0;0;0;0;0.2;0.0;0;88.9;0.4;0.0;0.2;0.0;0.6;3.6;0.2;0.0;0.0;0.4;0.0;0.2;0.0;0.2;0;0.0;0.0;0.0;0.0
247;Adam Idah;ie;Norwich;193;19;190;83;Forward;Forward;12;11;221;5.98;0;0;0;0;0.5;0.2;0;72.9;0.1;0.0;0.3;0.1;0.4;4.0;0.0;0.0;0.0;0.2;0.0;0.2;0.1;0.1;0;0.0;0.0;0.0;0.0
943;Kelland Watts;gb-eng;Newcastle;719;20;0;0;Defender;D_C,DMC;1;1;16;5.97;0;0;0;0;0.0;0.0;0;33.3;0.0;0.0;0.0;0.0;0.0;3.0;0.0;0.0;0.0;1.0;0.0;0.0;0.0;0.0;0;0.0;0.0;0.0;0.0
864;Albian Ajeti;ch;West Ham;928;23;183;78;Forward;FW;9;9;132;5.97;0;0;0;0;0.3;0.1;0;80.0;0.2;0.0;0.0;0.2;0.2;1.7;0.0;0.0;0.0;0.1;0.0;0.7;0.0;0.0;0;0.0;0.0;0.0;0.0
599;Oumar Niasse;sn;Everton;715;30;182;75;Forward;FW;3;3;19;5.97;0;0;0;0;0.0;0.0;0;100.0;0.0;0.0;0.0;0.0;1.7;1.0;0.0;0.0;0.0;1.3;0.3;0.7;0.0;0.0;0;0.0;0.0;0.0;0.0
360;Isaac Success;ng;Watford;465;24;186;86;Forward;AM_L,AM_R,FW;5;5;67;5.96;0;0;1;0;0.2;0.0;0;76.5;0.2;0.2;0.4;0.0;0.4;3.4;0.0;0.0;0.0;0.0;0.2;0.4;0.0;0.0;0;0.0;0.0;0.0;0.0
395;Daniel Drinkwater;gb-eng;Burnley;617;30;178;79;Midfielder;DMC;1;0;59;5.92;0;0;0;0;0.0;0.0;0;58.3;0.0;0.0;0.0;0.0;0.0;24.0;0.0;0.0;0.0;2.0;1.0;1.0;0.0;1.0;0;0.0;0.0;0.0;0.0
354;Ravel Morrison;jm;Sheff Utd;967;27;175;71;Midfielder;M_C;1;1;12;5.92;0;0;0;0;1.0;0.0;0;83.3;0.0;0.0;0.0;0.0;1.0;6.0;0.0;0.0;0.0;0.0;0.0;1.0;0.0;0.0;0;0.0;0.0;0.0;0.0
569;Leon Clarke;gb-eng;Sheff Utd;967;35;188;95;Forward;FW;2;2;33;5.91;0;0;0;0;0.5;1.0;0;66.7;0.0;0.0;0.0;0.0;0.0;3.0;0.0;0.0;0.0;0.0;0.0;0.0;1.0;0.0;0;0.0;0.0;0.0;0.0
395;Daniel Drinkwater;gb-eng;Aston Villa;134;30;178;79;Midfielder;DMC;4;0;263;5.74;0;0;1;0;0.5;0.0;0;82.1;0.2;0.2;0.2;0.0;0.8;42.0;0.0;2.5;0.0;1.2;1.2;1.8;1.2;4.0;0;0.0;0.0;0.0;0.0
633;Borja Bastón;es;Aston Villa;134;28;186;83;Forward;FW;2;2;16;5.71;0;0;0;0;0.0;0.0;0;66.7;0.0;0.0;0.0;0.0;0.0;3.0;0.0;0.0;0.0;0.5;0.0;0.0;0.0;1.0;0;0.0;0.0;0.0;0.0
137;Simon Moore;gb-eng;Sheff Utd;967;30;191;83;Goalkeeper;GK;2;0;180;5.38;0;0;0;0;0.0;0.0;0;34.1;0.0;0.0;0.0;0.0;0.0;22.0;0.0;5.0;0.0;0.5;0.0;0.0;0.0;0.0;0;0.0;1.0;1.5;2.5
808;Mark Travers;ie;Bournemouth;235;21;191;82;Goalkeeper;GK;1;0;90;4.95;0;0;0;0;0.0;0.0;0;60.0;0.0;0.0;0.0;0.0;0.0;25.0;0.0;2.0;0.0;0.0;0.0;0.0;1.0;0.0;0;0.0;2.0;0.0;2.0